NodeName,OAGName,Name,City,Lon,Lat
AAE,Annaba Rabah Bitat,Les Salines Airport,Annaba,7.81,36.82
AAL,Aalborg Denmark,Aalborg Airport,Aalborg,9.87,57.09
AAN,Al Ain U.A. Emirates,Al Ain Airport,Al Ain,55.62,24.26
AAR,Aarhus Denmark,Tirstrup Airport,Aarhus,10.63,56.31
AAT,Altay China,Altay Airport,Altay,89.5,43.93
ABA,Abakan Russian Fed.,Abakan Airport,Abakan,91.5,53.72
ABC,Albacete Spain,Los Llanos Airport,Albacete,-1.86,38.95
ABD,Abadan Iran,Abadan Airport,Abadan,48.23,30.36
ABE,Allentown PA USA,Lehigh Valley International Airport,Allentown,-75.43,40.65
ABI,Abilene TX USA,Abilene Municipal Airport,Abilene,-99.68,32.41
ABJ,Abidjan Cote d'Ivoire,Felix Houphouet Boigny Airport,Abidjan,-3.93,5.25
ABQ,Albuquerque NM USA,Albuquerque International Airport,Albuquerque,-106.62,35.05
ABV,Abuja Nigeria,Abuja International Airport,Abuja,7.27,9
ABZ,Aberdeen Scotland UK,Dyce Airport,Aberdeen,-2.2,57.2
ACA,Acapulco Mexico,Alvarez International Airport,Acapulco,-99.75,16.76
ACC,Accra Ghana,Kotoka Airport,Accra,-0.17,5.61
ACE,Lanzarote Canary Is.,Lanzarote Airport,Lanzarote,-13.61,28.95
ACT,Waco(Municipal) TX USA,Waco Municipal Airport,Waco,-97.22,31.61
ACX,Xingyi China,Xingyi Airport,Xingyi,104.96,25.09
ACZ,Zabol Iran,Zabol Airport,Zabol,61.54,31.09
ADA,ADANA SAKIRPASA,Adana Airport,Adana,35.3,36.99
ADB,Izmir(Menderes) Turkey,Adnan Menderes Airport,Izmir,27.15,38.29
ADD,Addis Ababa Ethiopia,Bole Airport,Addis Ababa,38.8,8.98
ADE,Aden Yemen,Aden International Airport,Aden,45.04,12.83
ADF,Adiyaman Turkey,Adiyaman Airport,Adiyaman,38.27,37.75
ADJ,Amman Civil-Marka,Civil - Marka Airport,Amman,35.98,31.98
ADL,Adelaide SA Australia,Adelaide Airport,Adelaide,138.54,-34.94
ADU,Ardabil Iran,Ardabil Airport,Ardabil,48.42,38.32
AEB,Baise China,NULL,Baise,106.62,23.9
AEP,Buenos Aires(Newbery) BA Argentina,Jorge Newbery Airport,Buenos Aires,-58.42,-34.56
AFA,San Rafael MD Argentina,San Rafael Airport,San Rafael,-68.4,-34.59
AFZ,Sabzevar Iran,Sabzevar Airport,Sabzevar,57.6,36.17
AGA,Agadir Morocco,Agadir Almassira Airport,Agadir,-9.56,30.38
AGF,Agen France,La Garenne Airport,Agen,0.6,44.17
AGP,Malaga Spain,Malaga Airport,Malaga,-4.49,36.68
AGR,Agra India,Kheria Airport,Agra,77.96,27.16
AGT,Ciudad Del Este Paraguay,Alejo Garcia Airport,Ciudad del Este,-54.83,-25.5
AGU,Aguascalientes Mexico,Aguascalients Airport,Aguascalientes,-102.31,21.7
AHB,Abha Saudi Arabia,Abha Airport,Abha,42.66,18.23
AHN,Athens GA USA,Athens Airport,Athens,-83.32,33.95
AJI,Agri Turkey,Agri Airport,Agri,43.02,39.65
AJL,Aizawl India,Aizawl Airport,Aizawl,92.62,23.84
AJN,Anjouan Comoros,Ouani Airport,Anjouan,44.43,-12.13
AJU,Aracaju SE Brazil,Aracaju Airport,Aracaju,-37.07,-10.99
AKJ,Asahikawa Japan,Asahikawa Airport,Asahikawa,142.45,43.67
AKL,Auckland New Zealand,Auckland International Airport,Auckland,174.78,-37
AKR,Akure Nigeria,Akure Airport,Akure,5.08,7.25
AKU,Aksu China,Aksu Airport,Aksu,80.29,41.26
AKX,Aktyubinsk Kazakhstan,Aktyubinsk Airport,Aktyubinsk,57.21,50.25
AKY,Sittwe Myanmar,Civil Airport,Sittwe,92.88,20.13
ALA,Almaty Kazakhstan,Almaty Airport,Almaty,77.01,43.35
ALC,Alicante Spain,Alicante Airport,Alicante,-0.56,38.29
ALG,Algiers Algeria,Houari Boumediene Airport,Algiers,3.21,36.7
ALP,Aleppo Syria,Aleppo International Airport,Aleppo,37.23,36.19
ALY,ALEXANDRIA(EL NOUZHA) EGYPT,El Nohza Airport,Alexandria,29.95,31.19
AMA,Amarillo TX USA,Amarillo International Airport,Amarillo,-101.71,35.22
AMD,Ahmedabad India,Ahmedabad Airport,Ahmedabad,72.62,23.07
AMI,Mataram Indonesia,Selaparang Airport,Mataram,116.1,-8.56
AMM,Amman(Intl) Jordan,Queen Alia International Airport,Amman,35.99,31.72
AMQ,Ambon Indonesia,Pattimura Airport,Ambon,128.09,-3.7
AMS,Amsterdam Netherlands,Amsterdam-Schiphol Airport,Amsterdam,4.76,52.31
ANC,Anchorage(Intl) AK USA,Anchorage International Airport,Anchorage,-149.99,61.17
ANF,Antofagasta Chile,Cerro Moreno Airport,Antofagasta,-70.44,-23.45
ANR,Antwerp International Belgium,Deurne Airport,Antwerp,4.45,51.19
AOE,Eskisehir Anadolu,Anadolu University Airport,Eskisehir,30.52,39.81
AOI,Ancona Italy,Falconara Airport,Ancona,13.36,43.61
AOJ,Aomori Japan,Aomori Airport,Aomori,140.69,40.74
AOR,Alor Setar Malaysia,Alor Setar Airport,Alor Setar,100.41,6.2
APL,Nampula Mozambique,Nampula Airport,Nampula,39.29,-15.1
APO,Apartado Colombia,Apartado Airport,Apartado,-76.72,7.82
AQG,Anqing China,Anqing Airport,Anqing,117.03,30.52
AQP,Arequipa Peru,Rodriguez Ballon Airport,Arequipa,-71.57,-16.34
ARD,Alor Indonesia,Alor Island Airport,Alor Island,124.53,-8.68
ARH,Arkhangelsk Talagi,Arkhangelsk Airport,Arkhangelsk,40.71,64.59
ARI,Arica Chile,Chacalluta Airport,Arica,-70.34,-18.35
ARK,Arusha Tanzania,Arusha Airport,Arusha,36.68,-3.37
ARN,Stockholm(Arlanda) Sweden,Arlanda Airport,Stockholm,17.93,59.65
ASB,Ashgabat Turkmenistan,Ashgabat Airport,Ashgabat,58.37,37.98
ASF,Astrakhan Russian Fed.,Astrakhan Airport,Astrakhan,48,46.29
ASM,Asmara Eritrea,Asmara International Airport,Asmara,38.91,15.29
ASR,Kayseri Erkilet,Kayseri Airport,Kayseri,35.49,38.77
ASU,Asuncion Paraguay,Silvio Pettirossi Airport,Asuncion,-57.51,-25.24
ASW,Aswan Egypt,Aswan Airport,Aswan,32.82,23.97
ATH,Athens (Intl) Greece,Eleftherios Venizelos International Airport,Athens,23.95,37.94
ATL,Atlanta(Intl) GA USA,Hartsfield-Jackson Atlanta International Airport,Atlanta,-84.44,33.64
ATQ,Amritsar India,Raja Sansi Airport,Amritsar,74.81,31.71
ATZ,Assiut Egypt,Assiut Airport,Assiut,31,27.03
AUA,Aruba,Reina Beatrix Airport,Aruba,-70.01,12.5
AUH,Abu Dhabi(Intl) U.A. Emirates,Abu Dhabi International Airport,Abu Dhabi,54.65,24.43
AUS,Austin(Bergstrom Intl) TX USA,Austin-Bergstrom International Airport,Austin,-97.67,30.2
AUX,Araguaina TO Brazil,Araguaina Airport,Araguaina,-48.2,-7.2
AWZ,Ahwaz Iran,Ahwaz Airport,Ahwaz,48.75,31.34
AXT,Akita Japan,Akita Airport,Akita,140.22,39.61
AYP,Ayacucho Peru,Yanamilla Airport,Ayacucho,-74.25,-13.2
AYT,Antalya Turkey,Antalya Airport,Antalya,30.8,36.9
AZA,Phoenix (William Gateway) AZ USA,Phoenix-Mesa Gateway Airport,Mesa,-111.66,33.31
AZD,Yazd Shahid Sadooghi Iran,Yazd Airport,Yazd,54.28,31.9
AZN,Andizhan Uzbekistan,Andizhan Airport,Andizhan,72.3,40.73
BAL,Batman Turkey,Batman Airport,Batman,41.08,37.92
BAQ,Barranquilla Colombia,E Cortissoz Airport,Barranquilla,-74.78,10.89
BAS,Balalae Solomon Is.,Balalae Airport,Balalae,155.88,-6.98
BAV,Baotou China,Baotou Airport,Baotou,110,40.56
BAX,Barnaul Russian Fed.,Barnaul Airport,Barnaul,83.55,53.36
BAY,Baia Mare Romania,Baia Mare Airport,Baia Mare,23.47,47.65
BBI,Bhubaneswar India,Bhubaneswar Airport,Bhubaneswar,85.82,20.25
BBO,Berbera Somalia,Berbera Airport,Berbera,45.01,10.42
BBU,Bucharest(Baneasa) Romania,Baneasa Airport,Bucharest,26.08,44.5
BCD,Bacolod Philippines,Bacolod Airport,Bacolod,122.93,10.64
BCM,Bacau Romania,Bacau Airport,Bacau,26.88,46.6
BCN,Barcelona Spain,Barcelona Airport,Barcelona,2.08,41.3
BDH,Bandar Lengeh Iran,Bandar Lengeh Airport,Bandar Lengeh,54.83,26.53
BDJ,Banjarmasin Indonesia,Sjamsudin Noor Airport,Banjarmasin,114.75,-3.44
BDL,Hartford(Bradley Intl) CT USA,Bradley International Airport,Hartford,-72.68,41.93
BDO,Bandung Indonesia,Husein Sastranegara Airport,Bandung,107.58,-6.9
BDQ,Vadodara India,Vadodara Airport,Vadodara,73.22,22.33
BEG,Belgrade Nikola Tesla,Belgrad Nikola Tesla Airport,Belgrade,20.31,44.82
BEL,Belem PA Brazil,Val De Cans Airport,Belem,-48.48,-1.39
BEN,Benghazi Libya,Benina International Airport,Benghazi,20.26,32.09
BES,Brest France,Guipavas Airport,Brest,-4.42,48.45
BEW,Beira Mozambique,Beira Airport,Beira,34.9,-19.8
BEY,Beirut Rafic Hariri Intl Lebanon,Beirut International Airport,Beirut,35.49,33.83
BFI,Seattle (Boeing Field) WA USA,Boeing Field International Airport,Seattle,-122.3,47.54
BFL,Bakersfield CA USA,Meadows Field,Bakersfield,-119.05,35.43
BFN,Bloemfontein(Intl) South Africa,Bloemfontein International Airport,Bloemfontein,26.3,-29.1
BFS,Belfast(Intl) N.Ireland UK,Belfast International Airport,Belfast,-6.22,54.66
BGA,Bucaramanga Colombia,Palo Negro Airport,Bucaramanga,-73.18,7.13
BGF,Bangui Central African Rep.,Bangui Airport,Bangui,18.52,4.4
BGO,Bergen Norway,Flesland Airport,Bergen,5.23,60.29
BGW,Baghdad Iraq,Al Muthana Airport,Baghdad,44.23,33.26
BGY,Milan (Bergamo/Orio Al Serio) Italy,Orio Al Serio Airport,Milan,9.7,45.67
BHD,Belfast(City) N.Ireland UK,Belfast City Airport,Belfast,-5.87,54.61
BHI,Bahia Blanca BA Argentina,Comandante Airport,Bahia Blanca,-62.15,-38.73
BHJ,Bhuj India,Rudra Mata Airport,Bhuj,69.67,23.29
BHK,Bukhara Uzbekistan,Bukhara Airport,Bukhara,64.47,39.76
BHM,Birmingham AL USA,Birmingham Airport,Birmingham,-86.75,33.56
BHO,Bhopal India,Bhopal Airport,Bhopal,77.34,23.28
BHR,Bharatpur Nepal,Bharatpur Airport,Bharatpur,84.43,27.68
BHU,Bhavnagar India,Bhavnagar Airport,Bhavnagar,72.18,21.75
BHV,Bahawalpur Pakistan,Bahawalpur Airport,Bahawalpur,71.68,29.4
BHX,Birmingham England UK,Birmingham International Airport,Birmingham,-1.73,52.45
BHY,Beihai China,Beihai Airport,Beihai,109.29,21.54
BIL,Billings MT USA,Billings Airport,Billings,-108.54,45.8
BIO,Bilbao Spain,Bilbao Airport,Bilbao,-2.91,43.31
BIR,Biratnagar Nepal,Biratnagar Airport,Biratnagar,87.28,26.43
BJA,Bejaia Soummam-Abane Ramdane,Bejaia Airport,Bejaia,5.08,36.75
BJM,Bujumbura Burundi,Bujumbura International Airport,Bujumbura,29.37,-3.38
BJZ,Badajoz Spain,Talaveral La Real Airport,Badajoz,-6.82,38.89
BKI,Kota Kinabalu Sabah Malaysia,Kota Kinabalu Airport,Kota Kinabalu,116.05,5.92
BKK,Bangkok (Intl) Thailand,Suvarnabhumi Airport,Bangkok,100.75,13.69
BKO,Bamako Mali,Bamako Airport,Bamako,-7.95,12.54
BKS,Bengkulu Indonesia,Padangkemiling Airport,Bengkulu,102.34,-3.87
BLA,Barcelona Venezuela,Gen J A Anzoategui Airport,Barcelona,-64.69,10.11
BLJ,Batna Mostepha Ben Boulaid,Batna Airport,Batna,6.18,35.57
BLK,Blackpool England UK,Blackpool Airport,Blackpool,-3.04,53.78
BLQ,Bologna Italy,Guglielmo Marconi Airport,Bologna,11.29,44.53
BLR,Bengaluru International,Bengaluru International Airport,Bangalore,77.71,13.2
BLZ,Blantyre Malawi,Chileka Airport,Blantyre,34.97,-15.67
BMA,Stockholm(Bromma) Sweden,Bromma Airport,Stockholm,17.95,59.36
BMV,Ban Me Thuot Vietnam,Phung-Duc Airport,Banmethuot,108.05,12.67
BNA,Nashvill(Intl) TN USA,Nashville Metropolitan Airport,Nashville,-86.67,36.13
BND,Bandar Abbas International Iran,Bandar Abbas Airport,Bandar Abbas,56.37,27.21
BNE,Brisbane QL Australia,Brisbane International Airport,Brisbane,153.11,-27.4
BNI,Benin City Nigeria,Benin City Airport,Benin City,5.6,6.32
BNS,Barinas Venezuela,Barinas Airport,Barinas,-70.22,8.62
BNX,Banja Luka International,Banja Luka Airport,Banja Luka,17.3,44.93
BOD,Bordeaux France,Bordeaux Airport,Bordeaux,-0.7,44.83
BOG,Bogota Colombia,Eldorado Airport,Bogota,-74.14,4.7
BOH,Bournemouth England UK,Bournemouth Airport,Bournemouth,-1.83,50.78
BOI,Boise ID USA,Boise Air Terminal (Gowen Field),Boise,-116.22,43.57
BOJ,Burgas Bulgaria,Bourgas Airport,Bourgas,27.28,42.42
BOM,Mumbai India,Chhatrapati Shivaji International Airport,Mumbai,72.87,19.1
BOS,Boston(Intl) MA USA,Logan International Airport,Boston,-71.02,42.37
BOY,Bobo Dioulasso Burkina Faso,Borgo Airport,Bobo Dioulasso,-4.32,11.16
BPM,Hyderabad (Begumpet) India,NULL,Hyderabad ,78.47,17.45
BPN,Balikpapan Indonesia,Sepingan Airport,Balikpapan,116.9,-1.26
BPT,Beaumont/Pt. Arthur TX USA,Jefferson County Airport,Beaumont,-94.02,29.95
BQS,Blagoveschensk Ignatyevo,Blagoveschensk Airport,Blagoveschensk,127.4,50.42
BRA,Barreiras BA Brazil,Barreiras Airport,Barreiras,-45.01,-12.07
BRE,Bremen Germany,Bremen Airport,Bremen,8.79,53.05
BRI,Bari Italy,Palese Airport,Bari,16.76,41.13
BRM,Barquisimeto Venezuela,Barquisimeto Airport,Barquisimeto,-69.36,10.05
BRN,Berne Switzerland,Belp Airport,Berne,7.5,46.91
BRO,Brownsville TX USA,South Padre Island International Airport,Brownsville,-97.42,25.91
BRQ,Brno Czech Rep.,Turany Airport,Brno,16.7,49.15
BRS,Bristol (Intl) England UK,Bristol Airport,Bristol,-2.71,51.39
BRU,Brussels Belgium,Brussels Airport,Brussels,4.48,50.9
BSA,Bossaso Somalia,Bossaso Airport,Bossaso,49.15,11.28
BSD,Baoshan China,Baoshan Airport,Baoshan,99.16,25.06
BSK,Biskra Mohamed Khider,Biskra Airport,Biskra,5.74,34.79
BSR,Basrah Iraq,Basra International Airport,Basra,47.79,30.56
BSX,Bassein Myanmar,Bassein Airport,Bassein,94.78,16.8
BTH,Batam(Hang Nadim) Indonesia,Hang Nadim Airport,Batam,104.12,1.12
BTJ,Banda Aceh Indonesia,Blang Bintang Airport,Banda Aceh,95.42,5.52
BTK,Bratsk Russian Fed.,Bratsk Airport,Bratsk,101.82,56.37
BTR,Baton Rouge LA USA,Ryan Airport,Baton Rouge,-91.16,30.53
BTS,Bratislava Slovakia,Ivanka Airport,Bratislava,17.2,48.17
BTU,Bintulu Sarawak Malaysia,Bintulu Airport,Bintulu,113.04,3.17
BUD,Budapest Hungary,Ferihegy Airport,Budapest,19.26,47.43
BUF,Buffalo(Intl) NY USA,Buffalo Niagara International Airport,Buffalo,-78.73,42.93
BUN,Buenaventura Colombia,Buenaventura Airport,Buenaventura,-77,3.83
BUQ,Bulawayo Zimbabwe,Bulawayo Airport,Bulawayo,28.62,-20.01
BUR,Burbank CA USA,Bob Hope Airport,Burbank,-118.35,34.2
BUS,Batumi Georgia,Batumi Airport,Batumi,41.6,41.61
BUZ,Bushehr Iran,Bushehr Airport,Bushehr,50.83,28.96
BVA,Paris(Beauvais-Tille) France,Beauvais-Tille Airport,Paris,2.11,49.46
BVB,Boa Vista RR Brazil,Boa Vista Airport,Boa Vista,-60.67,2.83
BVE,Brive-La-Gaillarde France,Laroche Airport,Brive-La-Gaillarde,1.53,45.17
BWI,Baltimore(Intl) MD USA,Balt./Wash. International Airport,Baltimore,-76.67,39.18
BYM,Bayamo Cuba,C.M. de Cespedes Airport,Bayamo,-76.65,20.38
BZG,Bydgoszcz Poland,Bydgoszcz Airport,Bydgoszcz,17.98,53.1
BZV,Brazzaville Congo,Maya Maya Airport,Brazzaville,15.25,-4.26
CAC,Cascavel PR Brazil,Cascavel Airport,Cascavel,-53.47,-24.95
CAE,Columbia SC USA,Columbia Metropolitan Airport,Columbia,-81.13,33.95
CAG,Cagliari Italy,Elmas Airport,Cagliari,9.06,39.25
CAH,Ca Mau Vietnam,Ca Mau Airport,Ca Mau,105.18,9.18
CAI,Cairo Egypt,Cairo International Airport,Cairo,31.41,30.12
CAK,Akron/Canton OH USA,Akron/Canton Regional Airport,Akron/Canton,-81.44,40.91
CAN,Guangzhou China,Baiyun Airport,Guangzhou,113.3,23.39
CAP,Cap Haitien Haiti,Cap Haitien Airport,Cap Haitien,-72.19,19.73
CBB,Cochabamba Bolivia,J Wilsterman Airport,Cochabamba,-66.18,-17.41
CBH,Bechar Boudghene B. Ali Lotfi,Leger Airport,Bechar,-2.26,31.65
CBO,Cotabato Philippines,Awang Airport,Cotabato,124.21,7.16
CBQ,Calabar Nigeria,Calabar Airport,Calabar,8.35,4.97
CBR,Canberra AC Australia,Canberra Airport,Canberra,149.19,-35.31
CCJ,Kozhikode India,Calicut Airport,Kozhikode,75.95,11.14
CCM,Crisciuma SC Brazil,Criciuma Airport,Criciuma,-49.37,-28.7
CCP,Concepcion Chile,Carriel Sur Airport,Concepcion,-73.06,-36.78
CCS,Caracas Venezuela,Simon Bolivar Airport,Caracas,-67.01,10.6
CCU,Kolkata India,Netaji Subhas Chandra Bose Airport,Kolkata,88.44,22.65
CDG,Paris(Charles De Gaulle) France,Charles De Gaulle Airport,Paris,2.57,49
CEB,Cebu Philippines,Mactan International Airport,Cebu,123.98,10.32
CEE,Cherepovets Russian Fed.,Cherepovets Airport,Cherepovets,38.07,59.28
CEK,Chelyabinsk Balandino,Chelyabinsk Airport,Chelyabinsk,61.51,55.3
CEN,Ciudad Obregon Mexico,Ciudad Obregon Airport,Ciudad Obregon,-109.84,27.39
CFB,Cabo Frio RJ Brazil,Cabo Frio Airport,Cabo Frio,-42.08,-22.93
CFE,Clermont-Ferrand France,Aulnat Airport,Clermont-Ferrand,3.16,45.78
CFG,Cienfuegos Cuba,Cienfuegos Airport,Cienfuegos,-80.41,22.15
CFK,Chlef Aboubakr Belkaid,Chlef Airport,Chlef,1.33,36.21
CFR,Caen France,Carpiquet Airport,Caen,-0.46,49.18
CGB,Cuiaba MT Brazil,M. Rondon Airport,Cuiaba,-56.12,-15.65
CGD,Changde China,Changde Airport,Changde,111.64,28.92
CGH,Sao Paulo(Congonhas) SP Brazil,Congonhas Airport,Sao Paulo,-46.66,-23.63
CGK,Jakarta(Intl) Indonesia,Soekarno-Hatta International Airport,Jakarta,106.66,-6.13
CGN,Cologne/Bonn(Intl) Germany,Koeln/Bonn Airport,Cologne,7.12,50.88
CGO,Zhengzhou China,Zhengzhou Airport,Zhengzhou,113.84,34.53
CGP,Chittagong Bangladesh,Patenga Airport,Chittagong,91.82,22.25
CGQ,Changchun China,Changchun Airport,Changchun,125.22,43.9
CGR,Campo Grande MS Brazil,Campo Grande Internacional Airport,Campo Grande,-54.67,-20.46
CGY,Cagayan De Oro Philippines,Lumbia Airport,Cagayan De Oro,124.61,8.41
CHA,Chattanooga TN USA,Lovell Field,Chattanooga,-85.2,35.04
CHC,Christchurch New Zealand,Christchurch International Airport,Christchurch,172.54,-43.49
CHG,Chaoyang China,Chaoyang Airport,Chaoyang,120.44,41.55
CHM,Chimbote Peru,Chimbote Airport,Chimbote,-78.53,-9.15
CIA,Rome(Ciampino) Italy,Ciampino Airport,Rome,12.59,41.8
CID,Cedar Rapids/Iowa City IA USA,Cedar Rapids Airport,Cedar Rapids,-91.7,41.89
CIF,Chifeng China,Chifeng Airport,Chifeng,118.91,42.24
CIH,Changzhi China,Changzhi Airport,Changzhi,113.12,36.25
CIT,Shimkent Kazakhstan,Shimkent Airport,Shimkent,69.6,42.3
CIX,Chiclayo Peru,Cornel Ruiz Airport,Chiclayo,-79.83,-6.79
CJA,Cajamarca Peru,Cajamarca Airport,Cajamarca,-78.5,-7.13
CJB,Coimbatore India,Peelamedu Airport,Coimbatore,77.04,11.03
CJC,Calama Chile,El Loa Airport,Calama,-68.91,-22.5
CJJ,Cheongju Rep. of Korea,Cheongju Airport,Cheongju,127.5,36.72
CJS,Ciudad Juarez Mexico,Abraham Gonzalez International Airport,Ciudad Juarez,-106.44,31.64
CJU,Jeju (Intl) Rep. of Korea,Jeju Airport,Jeju,126.49,33.51
CKG,Chongqing China,Chongqing Airport,Chongqing,106.63,29.72
CKY,Conakry Guinea,Conakry Airport,Conakry,-13.62,9.58
CLD,SAN DIEGO MCCLELLAN-PALOMAR,Carlsbad Airport,San Diego,-117.27,33.12
CLE,Cleveland(Intl) OH USA,Hopkins International Airport,Cleveland,-81.84,41.41
CLJ,Cluj Romania,Napoca Airport,Cluj,23.69,46.78
CLO,Cali Colombia,Alfonso B. Aragon Airport,Cali,-76.38,3.54
CLQ,Colima Mexico,Colima Airport,Colima,-103.65,19.3
CLT,Charlotte NC USA,Douglas Airport,Charlotte,-80.94,35.22
CMB,Colombo(Bandaranaike) Sri Lanka,Bandaranayake International Airport,Colombo,79.89,7.17
CME,Ciudad Del Carmen Mexico,Ciudad Del Carmen Airport,Ciudad Del Carmen,-91.8,18.65
CMN,Casablanca(Mohammed V.) Morocco,Mohamed V Airport,Casablanca,-7.59,33.37
CMW,Camaguey Cuba,Ign Agramonte International Airport,Camaguey,-77.85,21.42
CND,Constanta Mihail Kogalniceanu,Kogalniceanu Airport,Constanta,28.48,44.35
CNF,Belo Horizonte (Tancredo Neves) Brazil,Tancredo Neves International Airport,Belo Horizonte,-43.96,-19.63
CNQ,Corrientes CR Argentina,Camba Punta Airport,Corrientes,-58.76,-27.45
CNS,Cairns QL Australia,Cairns Airport,Cairns,145.75,-16.88
CNX,Chiang Mai Thailand,Chiang Mai International Airport,Chiang Mai,98.97,18.77
COK,Kochi India,Kochi Airport,Kochi,76.39,10.16
COO,Cotonou Benin,Cotonou Airport,Cotonou,2.39,6.35
COR,Cordoba CD Argentina,Pajas Blancas Airport,Cordoba,-64.21,-31.32
COS,Colorado Springs CO USA,Colorado Springs Airport,Colorado Springs,-104.7,38.8
COU,Columbia MO USA,Columbia Regional Airport,Columbia,-92.22,38.81
CPE,Campeche Mexico,Campeche International Airport,Campeche,-90.51,19.84
CPH,Copenhagen (Kastrup) Denmark,Copenhagen Airport,Copenhagen,12.65,55.63
CPO,Copiapo Chile,Chamonate Airport,Copiapo,-70.41,-27.3
CPQ,Campinas SP Brazil,Amarais Airport,Campinas,-47.11,-22.86
CPT,Cape Town(Intl) South Africa,Cape Town International Airport,Cape Town,18.6,-33.97
CPV,Campina Grande PB Brazil,Joao Suassuna Airport,Campina Grande,-35.9,-7.27
CRA,Craiova Romania,Craiova Airport,Craiova,23.89,44.32
CRC,Cartago Colombia,Cartago Airport,Cartago,-75.93,4.77
CRD,Comodoro Rivadavia CB Argentina,Comodoro Rivadavia Airport,Comodoro Rivadavia,-67.46,-45.79
CRL,Brussels(Charleroi) Belgium,Charleroi Brussels South Airport,Brussels,4.45,50.46
CRP,Corpus Christi TX USA,Corpus Christi International Airport,Corpus Christi,-97.5,27.77
CSX,Changsha China,Changsha Airport,Changsha,113.21,28.19
CSY,Cheboksary Russian Fed.,Cheboksary Airport,Cheboksary,47.27,56.13
CTA,Catania Italy,Fontanarossa Airport,Catania,15.07,37.47
CTC,Catamarca CA Argentina,Catamarca Airport,Catamarca,-65.78,-28.45
CTG,Cartagena Colombia,Rafael Nunez Airport,Cartagena,-75.52,10.45
CTM,Chetumal Mexico,Chetumal Airport,Chetumal,-88.33,18.48
CTS,Sapporo(Chitose) Japan,Chitose Airport,Sapporo,141.68,42.79
CTU,Chengdu China,Chengdu Airport,Chengdu,103.96,30.58
CUC,Cucuta Colombia,Camilo Dazo Airport,Cucuta,-72.51,7.93
CUE,Cuenca Ecuador,Cuenca Airport,Cuenca,-78.99,-2.89
CUL,Culiacan Mexico,Fedl De Bachigualato Airport,Culiacan,-107.47,24.77
CUN,Cancun Mexico,Cancun Airport,Cancun,-86.87,21.04
CUU,Chihuahua Mexico,Gen Fierro Villalobos Airport,Chihuahua,-105.97,28.7
CUZ,Cuzco Peru,Velazco Astete Airport,Cuzco,-71.94,-13.54
CVG,Cincinnati(Intl) OH USA,Cincinnati/Northern Kentucky Airport,Cincinnati,-84.66,39.06
CVM,Ciudad Victoria Mexico,Ciudad Victoria Airport,Ciudad Victoria,-98.97,23.71
CWB,Curitiba PR Brazil,Afonso Pena Airport,Curitiba,-49.24,-25.4
CWC,Chernivtsi International,Chernovtsy Airport,Chernovtsy,25.97,48.27
CWL,Cardiff Wales UK,Cardiff-Wales Airport,Cardiff,-3.34,51.4
CXB,Cox's Bazar Bangladesh,Coxs Bazar Airport,Coxs Bazar,91.97,21.45
CXH,Vancouver(Coal Hbr) BC Canada,Coal Harbour Sea Plane Base,Vancouver,-123.12,49.27
CXJ,Caxias Do Sul RS Brazil,Campo Dos Bugres Airport,Caxias Do Sul,-51.18,-29.17
CXR,Cam Ranh Vietnam,Cam Rahn Airport,Nha Trang,109.22,11.99
CYI,Chiayi Chinese Taipei,Chiayi Airport,Chiayi,120.38,23.47
CZL,Constantine Mohamed Boudiaf,Ain El Bey Airport,Constantine,6.62,36.29
CZX,Changzhou China,Changzhou Airport,Changzhou,119.78,31.91
DAC,Dhaka Hazrat Shahjalal Intl,Zia International Airport,Dhaka,90.41,23.85
DAD,Da Nang Vietnam,Da Nang Airport,Da Nang,108.2,16.06
DAL,Dallas/Ft. Worth(Love Fld) TX USA,Love Field,Dallas,-96.85,32.84
DAM,Damascus Syria,Damascus International Airport,Damascus,36.51,33.41
DAR,Dar Es Salaam Tanzania,Dar Es Salaam International Airport,Dar Es Salaam,39.2,-6.87
DAT,Datong China,Datong Airport,Datong,113.48,40.06
DAX,Daxian China,Daxian Airport,Daxian,107.43,31.14
DAY,Dayton(Intl) OH USA,James Cox Dayton International Airport,Dayton,-84.22,39.9
DCA,Washington (Reagan Nat'l) DC USA,Ronald Reagan National Airport,Washington,-77.04,38.85
DDG,Dandong China,Dandong Airport,Dandong,124.28,40.03
DEA,Dera Ghazi Khan Pakistan,Dera Ghazi Khan Airport,Dera Ghazi Khan,70.49,29.96
DED,Dehradun India,Dehra Dun Airport,Dehra Dun,78.03,30.32
DEL,Delhi India,Indira Gandhi International Airport,Delhi,77.1,28.56
DEN,Denver(Intl) CO USA,Denver International Airport,Denver,-104.67,39.85
DEZ,Deir ez Zor Syria,Al Jafrah Airport,Deirezzor,40.19,35.29
DFW,Dallas/Ft. Worth(Intl) TX USA,Dallas/Ft. Worth International Airport,Dallas,-97.04,32.9
DGO,Durango Mexico,Guadalupe Victoria Airport,Durango,-104.53,24.13
DGT,Dumaguete Philippines,Dumaguete Airport,Dumaguete,123.3,9.33
DIB,Dibrugarh India,Chabua Airport,Dibrugarh,95.02,27.48
DIJ,Dijon France,Dijon Airport,Dijon,5.09,47.27
DIL,Dili East Timor,Comoro Airport,Dili,125.53,-8.55
DIR,Dire Dawa Ethiopia,Aba Tenna D Yilma Airport,Dire Dawa,41.86,9.61
DIY,Diyarbakir Turkey,Diyarbakir Airport,Diyarbakir,40.2,37.9
DJB,Jambi Indonesia,Sultan Taha Syarifudn Airport,Jambi,103.64,-1.63
DJJ,Jayapura Indonesia,Sentani Airport,Jayapura,140.51,-2.57
DKR,Dakar Senegal,Yoff Airport,Dakar,-17.49,14.74
DLA,Douala Cameroon,Douala Airport,Douala,9.72,4.01
DLC,Dalian China,Dalian Airport,Dalian,121.54,38.96
DLH,Duluth MN USA,Duluth International Airport,Duluth,-92.18,46.84
DLI,Dalat Vietnam,Lienkhang Airport,Dalat,108.38,11.75
DLU,Dali City China,Dali Airport,Dali City,100.32,25.65
DME,Moscow(Domodedovo) Russian Fed.,Domodedovo Airport,Moscow,37.9,55.41
DMK,Bangkok (Don Muang) Thailand,Don Muang International Airport,Bangkok,100.61,13.91
DMM,Damman Saudi Arabia,King Fahad International Airport,Dammam,49.8,26.47
DMU,Dimapur India,Dimapur Airport,Dimapur,93.77,25.88
DND,Dundee Scotland UK,Dundee Airport,Dundee,-3.01,56.45
DNH,Dunhuang China,Dunhuang Airport,Dunhuang,94.68,40.2
DNZ,Denizli Turkey,Cardak Airport,Denizli,29.7,37.79
DOH,Doha(Intl) Qatar,Doha Airport,Doha,51.56,25.27
DOK,Donetsk International,Donetsk Airport,Donetsk,37.75,48.08
DPS,Denpasar Bali Indonesia,Ngurah Rai Airport,Denpasar Bali,115.16,-8.74
DQA,Daqing Shi China,Daqing Shi Airport ,Daqing,125.23,46.59
DRS,Dresden Germany,Dresden Airport,Dresden,13.77,51.12
DRW,Darwin NT Australia,Darwin Airport,Darwin,130.88,-12.41
DSK,Dera Ismail Khan Pakistan,Dera Ismail Khan Airport,Dera Ismail Khan,70.9,31.92
DSM,Des Moines IA USA,Des Moines Airport,Des Moines,-93.65,41.53
DTM,Dortmund Germany,Dortmund Airport,Dortmund,7.61,51.51
DTW,Detroit(Metro Wayne) MI USA,Detroit Metropolitan Wayne County Airport,Detroit,-83.36,42.21
DUB,Dublin Ireland,Dublin Airport,Dublin,-6.24,53.43
DUD,Dunedin New Zealand,Dunedin Airport,Dunedin,170.2,-45.92
DUR,Durban King Shaka Intl South Africa,King Shaka International Airport,Durban,31.12,-29.61
DUS,Dusseldorf(Intl) Germany,Dusseldorf Airport,Dusseldorf,6.77,51.28
DVO,Davao Philippines,Mati Airport,Davao,125.64,7.13
DXB,Dubai U.A. Emirates,Dubai Airport,Dubai,55.35,25.25
DYU,Dushanbe Tajikistan,Dushanbe Airport,Dushanbe,68.82,38.55
DZN,Zhezkazgan Kazakhstan,Zhezhazgan Airport,Zhezkazgan,67.73,47.7
EAS,San Sebastian Spain,San Sebastian Airport,San Sebastian,-1.79,43.36
EBD,El Obeid Sudan,El Obeid Airport,El Obeid,30.23,13.16
EBL,Erbil Iraq,Erbil International Airport,Erbil,43.96,36.24
EBU,St. Etienne France,Boutheon Airport,Saint Etienne,4.3,45.54
EDI,Edinburgh Scotland UK,Turnhouse Airport,Edinburgh,-3.36,55.95
EDL,Eldoret Kenya,Eldoret Airport,Eldoret,35.22,0.41
EGO,Belgorod Russian Fed.,Belgorod Airport,Belgorod,36.65,50.63
EIN,Eindhoven Netherlands,Eindhoven Airport,Eindhoven,5.39,51.46
EJA,Barrancabermeja Colombia,Variguies Airport,Barrancabermeja,-73.8,7.02
ELF,El Fasher Sudan,El Fasher Airport,El Fasher,25.32,13.62
ELP,El Paso TX USA,El Paso International Airport,El Paso,-106.4,31.8
ELS,East London South Africa,East London Airport,East London,27.83,-33.04
ELU,El Oued Algeria,Guemar Airport,El Oued,6.78,33.52
EMA,East Midlands England UK,East Midlands Airport,Leicestershire,-1.33,52.83
ENH,Enshi China,Enshi Airport,Enshi,109.48,30.32
ENU,Enugu Nigeria,Enugu Airport,Enugu,7.57,6.47
EOH,Medellin(Herrera) Colombia,Enrique Olaya Herrera Airport,Medellin,-75.59,6.22
ERF,Erfurt Germany,Erfurt Airport,Erfurt,10.96,50.97
ERI,Erie PA USA,Erie International Airport,Erie,-80.18,42.08
ERS,Windhoek(Eros) Namibia,Eros Airport,Windhoek,17.08,-22.62
ERZ,Erzurum Turkey,Erzurum Airport,Erzurum,41.17,39.96
ESB,Ankara (Esenboga) Turkey,Esenboga Airport,Ankara,32.99,40.11
EUG,Eugene OR USA,Eugene Airport,Eugene,-123.21,44.12
EUN,Laayoune Morocco,Hassan I Airport,Laayoune,-13.22,27.13
EVN,Yerevan Zvartnots Intl,Yerevan Airport,Yerevan,44.4,40.15
EVV,Evansville IN USA,Evansville Regional Airport,Evansville,-87.53,38.05
EWR,Newark/New York(Liberty) NJ USA,Newark Liberty International Airport,Newark,-74.18,40.69
EXT,Exeter England UK,Exeter Airport,Exeter,-3.41,50.73
EZE,Buenos Aires(Pistarini) BA Argentina,Ministro Pistarini Airport,Buenos Aires,-58.54,-34.81
EZS,Elazig Turkey,Elazig Airport,Elazig,39.29,38.61
FAR,Fargo ND USA,Hector Field,Fargo,-96.83,46.92
FAT,Fresno(Yosemite Intl) CA USA,Fresno Air Terminal,Fresno,-119.72,36.77
FAY,Fayetteville NC USA,Fayetteville Municipal Airport,Fayetteville,-78.89,34.99
FBM,Lubumbashi D.R. of Congo (Zaire),Luano,Lubumbashi,27.53,-11.59
FCO,Rome(Fiumicino) Italy,Fiumicino Airport,Rome,12.25,41.79
FEG,Fergana Uzbekistan,Fergana Airport,Fergana,71.73,40.35
FEZ,Fez Morocco,Sais Airport,Fez,-4.98,33.93
FIH,Kinshasa D.R. of Congo (Zaire),NDjili Airport',Kinshasa,15.45,-4.39
FKI,Kisangani D.R. of Congo (Zaire),Kisangani Airport,Kisangani,25.2,0.52
FKS,Fukushima Japan,Fukushima Airport,Fukushima,140.43,37.23
FLA,Florencia Colombia,Capitolio Airport,Florencia,-75.56,1.59
FLL,Ft. Lauderdale(Intl) FL USA,Ft. Lauderdale International Airport,Fort Lauderdale,-80.14,26.07
FLN,Florianopolis SC Brazil,Hercilio Luz Airport,Florianopolis,-48.55,-27.66
FLR,Florence Italy,Peretola Airport,Florence,11.2,43.8
FLW,Flores Is. Azores Portugal,Santa Cruz Airport,Flores Island (Azores),-31.15,39.47
FMO,Muenster Germany,Muenster Airport,Muenster,7.69,52.13
FNA,Freetown Sierra Leone,Lungi International Airport,Freetown,-13.2,8.62
FNI,Nimes France,Garons Airport,Nimes,4.42,43.75
FNJ,Pyongyang Dem. Peop. Rep. of Korea,Sunan,Pyongyang,125.67,39.2
FNL,Ft. Collins/Loveland CO USA,Fort Collins/Loveland Municipal Airport,Fort Collins/Loveland,-105.08,40.58
FNT,Flint MI USA,Bishop Airport,Flint,-83.74,42.97
FOC,Fuzhou China,Fuzhou Airport,Fuzhou,119.67,25.93
FOG,Foggia Italy,Gino Lisa Airport,Foggia,15.54,41.43
FOR,Fortaleza CE Brazil,Pinto Martins Airport,Fortaleza,-38.54,-3.78
FRA,Frankfurt Germany,Frankfurt International Airport,Frankfurt,8.57,50.05
FRL,Forli Italy,Luigi Ridolfi Airport,Forli,12.07,44.2
FRU,Bishkek Kyrgyzstan,Bishkek Airport,Bishkek,74.47,43.05
FSD,Sioux Falls SD USA,Sioux Falls Regional Airport (Jo Foss Field),Sioux Falls,-96.73,43.58
FSZ,Shizuoka Japan,Shizuoka Airport,Shizuoka,138.19,34.8
FUG,Fuyang China,Fuyang Airport,Fuyang,115.7,32.87
FUK,Fukuoka Japan,Fukuoka Airport,Fukuoka,130.44,33.58
FWA,Ft. Wayne IN USA,Fort Wayne Municipal Airport/Baer Field,Fort Wayne,-85.19,40.99
GAE,Gabes Matmata,Gabes Airport,Gabes,10.03,33.88
GAJ,Yamagata Japan,Junmachi Airport,Yamagata,140.37,38.41
GAO,Guantanamo Cuba,Los Canos Airport,Guantanamo,-75.16,20.08
GAU,Guwahati India,Borjhar Airport,Guwahati,91.59,26.11
GAY,Gaya India,Gaya Airport,Gaya,84.95,24.75
GBE,Gaborone Botswana,Sir Seretse Khama International Airport,Gaborone,25.92,-24.56
GDL,Guadalajara Mexico,Miguel Hidal Airport,Guadalajara,-103.3,20.53
GDN,Gdansk Poland,Rebiechowo Airport,Gdansk,18.47,54.38
GDQ,Gondar Ethiopia,Gondar Airport,Gondar,37.45,12.51
GDX,Magadan Sokol,Magadan Airport,Magadan,150.72,59.92
GEG,Spokane(Intl) WA USA,Spokane International Airport,Spokane,-117.54,47.63
GEO,Georgetown Guyana,Cheddi Jagan International Airport,Georgetown,-58.25,6.5
GIG,Rio De Janeiro(Intl) RJ Brazil,Galeao Antonio Carlos Jobim International Airport,Rio De Janeiro,-43.25,-22.81
GJL,Jijel Ferhat Abbas,Jijel Airport,Jijel,5.88,36.8
GLA,Glasgow(Intl) Scotland UK,Glasgow International Airport,Glasgow,-4.43,55.86
GLO,Gloucester/Cheltenham Gloucestershire,Gloucestershire Airport,Gloucester,-2.23,51.88
GMA,Gemena D.R. of Congo (Zaire),Gemena Airport,Gemena,19.77,3.23
GMP,Seoul(Gimpo Intl) Rep. of Korea,Gimpo International Airport,Seoul,126.8,37.56
GMR,Gambier Is. French Polynesia,Gambier Island Airport,Gambier Island,-134.89,-23.08
GNA,Grodna Belarus,Grodno Airport,Grodno,23.8,53.67
GNB,Lyon (Grenoble-St Geoirs) France,Grenoble-Isere Airport,Grenoble,5.33,45.36
GNV,Gainesville FL USA,Gainesville Regional Airport,Gainesville,-82.28,29.69
GNY,Sanliurfa Turkey,Sanliurfa Airport,Sanliurfa,38.85,37.09
GOA,Genoa Italy,Cristoforo Colombo Airport,Genoa,8.85,44.42
GOI,Goa India,Dabolim Airport,Goa,73.84,15.38
GOJ,Nizhny Novgorod,Nizhniy Novgorod Airport,Nizhniy Novgorod,43.79,56.22
GOM,Goma D.R. of Congo (Zaire),Goma Airport,Goma,29.23,-1.67
GOP,Gorakhpur India,Gorakhpur Airport,Gorakhpur,83.44,26.75
GOQ,Golmud China,Golmud Airport,Golmud,94.79,36.4
GOT,Goteborg Sweden,Landvetter Airport,Gothenburg,12.29,57.67
GPA,Patrai Greece,Araxos Airport,Patras,21.73,38.25
GRB,Green Bay WI USA,Austin-Straubel Field,Green Bay,-88.12,44.49
GRJ,George South Africa,George Airport,George,22.38,-34
GRK,Killeen Gray AAF TX USA,Gray Army Air Field,Killeen,-97.82,31.06
GRQ,Groningen Netherlands,Eelde Airport,Groningen,6.58,53.12
GRR,Grand Rapids MI USA,Gerald R. Ford International Airport,Grand Rapids,-85.53,42.89
GRU,Sao Paulo(Intl) SP Brazil,Guarulhos International Airport,Sao Paulo,-46.48,-23.43
GRV,Grozny,Groznyy Airport,Groznyy,45.75,43.33
GRZ,Graz Austria,Thalerhof Airport,Graz,15.44,46.99
GSE,Gotenburg City Apt Sweden,Saeve Airport,Gothenburg,11.86,57.78
GSO,Greensboro/H.Pt/Win-Salem NC USA,Piedmont Triad International Airport,Geensboro,-79.94,36.11
GSP,Greenville/Spartanburg SC USA,Greenville-Spartanburg Airport,Greenville,-82.22,34.89
GTO,Gorontalo Indonesia,Tolotio Airport,Gorontalo,122.85,0.64
GUA,Guatemala City Guatemala,La Aurora Airport,Guatemala City,-90.53,14.59
GUM,Guam,A.B. Won Pat International Airport,Guam,144.8,13.49
GUW,Atyrau Kazakhstan,Atyrau Airport,Atyrau,51.83,47.12
GVA,Geneva (Intl) Switzerland,Geneve-Cointrin Airport,Geneva,6.11,46.23
GVR,Governador Valadares MG Brazil,Governador Valadares Airport,Governador Valadares,-41.93,-18.85
GWL,Gwalior India,Gwalior Airport,Gwalior,78.23,26.29
GYD,Baku (Heydar Aliyev) Azerbaijan,Heydar Aliyev International Airport,Baku,50.05,40.46
GYE,Guayaquil Ecuador,Jose Joaquin de Olmedo Airport,Guayaquil,-79.88,-2.14
GYM,Guaymas Mexico,Gen Jose M Yanez Airport,Guaymas,-110.93,27.96
GYN,Goiania GO Brazil,Santa Genoveva Airport,Goiania,-49.23,-16.63
GZT,Gaziantep Oguzeli,Gaziantep Airport,Gaziantep,37.47,36.94
HAJ,Hannover Germany,Hanover Airport,Hanover,9.69,52.46
HAK,Haikou China,Haikou Airport,Haikou,110.46,19.94
HAM,Hamburg(Fuhlsbuettel) Germany,Fuhlsbuettel Airport,Hamburg,10.01,53.63
HAN,Hanoi Vietnam,Noi Bai International Airport,Hanoi,105.8,21.21
HAS,Hail Saudi Arabia,Hail Airport,Hail,41.69,27.44
HAV,Havana Cuba,Jose Marti International Airport,Havana,-82.41,23
HBA,Hobart TS Australia,Hobart Airport,Hobart,147.51,-42.84
HBE,Alexandria(Borg El Arab) Egypt,Borg El Arab Airport,Alexandria,29.69,30.92
HBX,Hubli India,Hubli Airport,Hubli,75.09,15.36
HDD,Hyderabad Pakistan,Hyderabad Airport,Hyderabad,68.36,25.32
HDG,Handan China,NULL,Handan,114.49,36.61
HDY,Hat Yai Thailand,Hat Yai Airport,Hat Yai,100.39,6.94
HEA,Herat Afghanistan,Herat Airport,Herat,62.23,34.21
HEK,Heihe China,Heihe Airport,Heihe,127.43,50.22
HEL,Helsinki Finland,Helsinki-Vantaa Airport,Helsinki,24.97,60.32
HER,Irakleion Greece,N. Kazantzakis Airport,Heraklion,25.17,35.34
HET,Hohhot China,Hohhot Airport,Hohhot,111.81,40.85
HFE,Hefei China,Hefei Airport,Hefei,117.28,31.85
HGA,Hargeisa Somalia,Hargeisa Airport,Hargeisa,44.09,9.52
HGH,Hangzhou China,Hangzhou Airport,Hangzhou,120.43,30.24
HIJ,Hiroshima(Intl) Japan,Hiroshima International Airport,Hiroshima,132.92,34.44
HIN,Jinju Rep. of Korea,Sacheon Airport,Jinju,128.09,35.09
HJJ,Huai Hua China,Zhijiang Apt/Huaihua,Huaihua ,111.75,30.42
HKD,Hakodate Japan,Hakodate Airport,Hakodate,140.82,41.78
HKG,Hong Kong(Intl) China,Hong Kong International Airport,Hong Kong,113.94,22.32
HLD,Hailar China,Hailar Airport,Hailar,119.81,49.21
HLH,Ulanhot China,Ulanhot Airport,Ulanhot,122,46.19
HLZ,Hamilton New Zealand,Hamilton Airport,Hamilton,175.34,-37.87
HMI,Hami P. R. China,Hami Airport,Hami,93.42,42.92
HMO,Hermosillo Mexico,Gen Pesqueira Garcia Airport,Hermosillo,-111.05,29.09
HND,Tokyo(Haneda) Japan,Haneda Airport,Tokyo,139.78,35.55
HNL,Honolulu Oahu HI USA,Honolulu International Airport,Honolulu,-157.92,21.33
HOD,Hodeidah Yemen,Hodeidah Airport,Hodeidah,42.97,14.76
HOF,Hofuf Saudi Arabia,Alahsa Airport,Alahsa,49.49,25.29
HOG,Holguin Cuba,Frank Pais Airport,Holguin,-76.31,20.79
HOU,Houston(Hobby) TX USA,Hobby Airport,Houston,-95.28,29.65
HPH,Haiphong Vietnam,Catbi Airport,Haiphong,106.73,20.82
HPN,Westchester County NY USA,Westchester County Airport,Westchester County,-73.7,41.07
HRB,Harbin China,Harbin Airport,Harbin,126.24,45.62
HRE,Harare Zimbabwe,Harare Airport,Harare,31.1,-17.92
HRG,HURGHADA INTERNATIONAL EGYPT,Hurghada Airport,Hurghada,33.81,27.19
HRK,Kharkiv Osnova Intl,Kharkov Airport,Kharkov,36.28,49.92
HSG,Saga Japan,Saga Airport,Saga,130.3,33.15
HSN,Zhoushan China,Zhoushan Airport,Zhoushan,122.36,29.94
HSV,Huntsville/Decatur AL USA,Huntsville International Airport,Huntsville,-86.77,34.65
HTA,Chita Kadala,Chita Airport,Chita,113.3,52.03
HTN,Hotan China,Hotan Airport,Hotan,79.87,37.04
HTY,Hatay Turkey,Hatay Airport,Antakya,36.28,36.36
HUI,Hue Vietnam,Phu Bai Airport,Hue,107.7,16.4
HUN,Hualien Chinese Taipei,Hualien Airport,Hualien,121.61,24.03
HUU,Huanuco Peru,Huanuco Airport,Huanuco,-76.22,-9.87
HVN,New Haven CT USA,New Haven Airport,New Haven,-72.89,41.27
HYD,HYDERABAD RAJIV GANDHI INTL,Rajiv Gandhi International Airport,Hyderabad,78.47,17.45
HYN,Huangyan China,Huangyan Airport,Huangyan,121.42,28.56
IAD,Washington(Dulles Intl) DC USA,Dulles International Airport,Washington,-77.45,38.95
IAH,Houston(G.Bush Intl) TX USA,George Bush Intercontinental Airport,Houston,-95.34,29.98
IAS,Iasi Romania,Iasi Airport,Iasi,27.62,47.18
IBE,Ibague Colombia,Ibague Airport,Ibague,-75.14,4.42
ICN,Seoul(Incheon Intl) Rep. of Korea,Incheon International Airport,Seoul,126.45,37.45
ICT,Wichita KS USA,Mid-Continent Airport,Wichita,-97.43,37.65
IDR,Indore India,Indore Airport,Indore,75.81,22.73
IEG,Zielona Gora Poland,Babimost Airport,Zielona Gora,15.52,51.93
IEV,Kiev Zhuliany Intl Apt,Kiev-Zhulhany Airport,Kiev,30.45,50.4
IFN,Esfahan Shahid Beheshti Intl Iran,Isfahan Airport,Isfahan,51.88,32.75
IFO,Ivano-Frankivsk International Ukraine,Ivano-Frankovsk Airport,Ivano-Frankovsk,24.71,48.89
IKA,Tehran(Imam Khomeini Intl) Iran,Imam Khomeini Airport,Tehran,51.15,35.41
IKT,Irkutsk Russian Fed.,Irkutsk Airport,Irkutsk,104.36,52.27
ILM,Wilmington NC USA,Wilmington International Airport,Wilmington,-77.91,34.27
ILO,Ilo Ilo Philippines,Mandurriao Airport,Iloilo,122.54,10.71
IMF,Imphal India,Imphal Municipal Airport,Imphal,93.9,24.76
IMP,Imperatriz MA Brazil,Imperatriz Airport,Imperatriz,-47.48,-5.53
INC,Yinchuan China,Yinchuan Airport,Yinchuan,106.35,38.35
IND,Indianapolis IN USA,Indianapolis International Airport,Indianapolis,-86.27,39.73
INI,Nis Konstantin Veliki Serbia,Nis Airport,Nis,21.85,43.33
INN,Innsbruck Austria,Kranebitten Airport,Innsbruck,11.35,47.26
IOS,Ilheus BA Brazil,Eduardo Gomes Airport,Ilheus,-39.03,-14.81
IPH,Ipoh Malaysia,Ipoh Airport,Ipoh,101.1,4.57
IPN,Ipatinga MG Brazil,Usiminas Airport,Ipatinga,-42.53,-19.5
IQQ,Iquique Chile,Cavancha Airport,Iquique,-70.18,-20.55
IQT,Iquitos Peru,C.F. Secada Airport,Iquitos,-73.3,-3.79
IRJ,La Rioja LR Argentina,La Rioja Airport,La Rioja,-66.78,-29.38
ISB,Islamabad Pakistan,Islamabad International Airport,Islamabad,73.11,33.61
ISE,Isparta Suleyman Demirel Turkey,Isparta Airport,Isparta,30.38,37.87
ISK,Nasik India,Gandhinagar Airport,Nasik,73.81,19.97
IST,Istanbul (Ataturk) Turkey,Ataturk Airport,Istanbul,28.82,40.98
ITM,Osaka(Itami) Japan,Itami Airport,Osaka,135.44,34.79
IWA,Ivanova Yuzhny,Ivanovo Airport,Ivanovo,40.94,56.94
IXA,Agartala India,Singerbhil Airport,Agartala,91.24,23.89
IXC,Chandigarh India,Chandigarh Airport,Chandigarh,76.8,30.67
IXD,Allahabad India,Bamrauli Airport,Allahabad,81.74,25.44
IXE,Mangalore India,Bajpe Airport,Mangalore,74.89,12.96
IXJ,Jammu India,Satwari Airport,Jammu,74.84,32.68
IXL,Leh India,Leh Airport,Leh,77.55,34.14
IXM,Madurai India,Madurai Airport,Madurai,78.09,9.84
IXP,Pathankot India,Pathankot Airport,Pathankot,75.63,32.22
IXR,Ranchi India,Ranchi Airport,Ranchi,85.32,23.32
IXS,Silchar India,Kumbhirgram Airport,Silchar,92.98,24.92
IXU,Aurangabad India,Chikkalthana Airport,Aurangabad,75.4,19.87
IZO,Izumo Japan,Izumo Airport,Izumo,132.89,35.41
JAI,Jaipur India,Sanganeer Airport,Jaipur,75.8,26.82
JAL,Jalapa Mexico,Jalapa Airport,Jalapa,-96.78,19.47
JDH,Jodhpur India,Jodhpur Airport,Jodhpur,73.05,26.26
JDO,Juazeiro Do Norte CE Brazil,Regional Do Cariri Airport,Juazeiro Do Norte,-39.32,-7.2
JDZ,Jingdezhen China,Jingdezhen Airport,Jingdezhen,117.18,29.34
JED,Jeddah Saudi Arabia,King Abdulaziz International Airport,Jeddah,39.15,21.67
JFK,New York(Kennedy) NY USA,John F. Kennedy International Airport,New York,-73.79,40.64
JGA,Jamnagar India,Govardhanpur Airport,Jamnagar,70.01,22.46
JGN,Jiayuguan China,Jiayuguan Airport,Jiayuguan,98.42,39.83
JHB,Johor Bahru Malaysia,Sultan Ismail International Airport,Johor Bharu,103.67,1.64
JHG,Jinghong China,Gasa Airport,Jinghong,100.77,21.97
JIB,Djibouti,Ambouli Airport,Djibouti,43.15,11.55
JIJ,Jijiga Ethiopia,Jigiga Airport,Jijiga,42.77,9.37
JIM,Jimma Ethiopia,Jimma Airport,Jimma,36.82,7.65
JIU,Jiujiang China,Jiujiang Airport,Jiujiang,115.97,29.7
JJN,Jinjiang China,Jinjiang Airport,Jinjiang,118.59,24.8
JLR,Jabalpur India,Jabalpur Airport,Jabalpur,79.92,22.67
JMU,Jiamusi China,Jiamusi Airport,Jiamusi,130.46,46.85
JNB,Johannesburg(Tambo) South Africa,Johannesburg International Airport,Johannesburg,28.23,-26.13
JNG,Jining China,Jining Airport,Jining,116.53,35.42
JNZ,Jinzhou China,Liaoning Province Airport,Jinzhou,121.02,41.12
JOG,Yogyakarta Indonesia,Adisutjipto Airport,Yogyakarta,110.44,-7.79
JOI,Joinville Lauro Carneiro Loyola Brazil,Cubatao Airport,Joinville,-48.78,-26.23
JOL,Jolo Philippines,Jolo Airport,Jolo,121.01,6.06
JOS,Jos Nigeria,Jos Airport,Jos,8.89,9.87
JPA,Joao Pessoa PB Brazil,Castro Pinto Airport,Joao Pessoa,-34.95,-7.15
JRO,Kilimanjaro Tanzania,Kilimanjaro Airport,Kilimanjaro,37.07,-3.42
JSR,Jessore Bangladesh,Jessore Airport,Jessore,89.16,23.18
JUJ,Jujuy PJ Argentina,El Cadillal Airport,Jujuy,-65.08,-24.4
JUL,Juliaca Peru,Juliaca Airport,Juliaca,-70.15,-15.46
JXA,Jixi Shi China,NULL,Jixi,116.92,36.67
KAD,Kaduna Nigeria,Kaduna Airport,Kaduna,7.44,10.6
KAN,Kano Nigeria,Aminu Kano International Airport,Kano,8.52,12.05
KBL,Kabul Afghanistan,Khwaja Rawash Airport,Kabul,69.21,34.56
KBP,Kiev Borispol International Ukraine,Kiev/Kyiv - Borispol Airport,Kiev/Kyiv,30.9,50.34
KBR,Kota Bharu Malaysia,Pengkalan Chepa Airport,Kota Bharu,102.29,6.17
KBU,Kotabaru Indonesia,Kotabaru Airport,Kotabaru,116.33,-3.33
KCH,Kuching Sarawak Malaysia,Kuching Airport,Kuching,110.34,1.48
KCM,Kahramanmaras Turkey,Kahramanmaras Airport,Kahramanmaras,36.95,37.53
KCZ,Kochi Japan,Kochi Airport,Kochi,133.67,33.55
KDH,Kandahar Afghanistan,Kandahar Airport,Kandahar,65.85,31.51
KDI,Kendari Indonesia,Wolter Monginsidi Airport,Kendari,122.41,-4.09
KEF,Reykjavik(Intl) Iceland,Keflavik International Airport,Reykjavik,-22.62,64
KEJ,Kemerovo Russian Fed.,Kemerovo Airport,Kemerovo,86.12,55.28
KER,Kerman Iran,Kerman Airport,Kerman,56.96,30.26
KGA,Kananga D.R. of Congo (Zaire),Kananga Airport,Kananga,22.42,-5.9
KGD,Kaliningrad Russian Fed.,Kaliningrad Airport,Kaliningrad,20.59,54.88
KGF,Karaganda Kazakhstan,Karaganda Airport,Karaganda,73.33,49.68
KGL,Kigali Rwanda,Gregoire Kayibanda Airport,Kigali,30.14,-1.96
KHD,Khorramabad Iran,Khorramabad Airport,Khorramabad,48.28,33.44
KHG,Kashi China,Kashi Airport,Kashi,76.01,39.53
KHH,Kaohsiung Chinese Taipei,Kaohsiung International Airport,Kaohsiung,120.35,22.57
KHI,Karachi Pakistan,Quaid-E-Azam International Airport,Karachi,67.17,24.9
KHN,Nanchang China,Nanchang Airport,Nanchang,115.91,28.86
KHV,Khabarovsk Novy,Novyy Airport,Khabarovsk,135.17,48.52
KHY,Khoy Iran,Khoy Airport,Khoy,44.97,38.43
KIJ,Niigata Japan,Niigata Airport,Niigata,139.11,37.95
KIM,Kimberley South Africa,Kimberley Airport,Kimberley,24.77,-28.81
KIN,Kingston(Intl) Jamaica,Norman Manley Airport,Kingston,-76.78,17.94
KIS,Kisumu Kenya,Kisumu Airport,Kisumu,34.74,-0.08
KIV,Chisinau Moldova,Chisinau Airport,Chisinau,28.93,46.94
KIX,Osaka(Kansai Intl) Japan,Kansai International Airport,Osaka,135.24,34.44
KJA,Krasnoyarsk Yemelyanovo,Krasnojarsk Airport,Krasnojarsk,92.48,56.18
KKC,Khon Kaen Thailand,Khon Kaen Airport,Khon Kaen,102.79,16.46
KLH,Kolhapur India,Kolhapur Airport,Kolhapur,74.33,16.67
KMG,Kunming China,Kunming Airport,Kunming,102.74,25
KMI,Miyazaki Japan,Miyazaki Airport,Miyazaki,131.44,31.87
KMJ,Kumamoto Japan,Kumamoto Airport,Kumamoto,130.86,32.83
KMQ,Komatsu Japan,Komatsu Airport,Komatsu,136.41,36.4
KMS,Kumasi Ghana,Kumasi Airport,Kumasi,-1.59,6.71
KND,Kindu D.R. of Congo (Zaire),Kindu Airport,Kindu,25.91,-2.92
KNU,Kanpur India,Kanpur Airport,Kanpur,80.41,26.4
KOE,Kupang Indonesia,Eltari Airport,Kupang,123.67,-10.17
KOJ,Kagoshima Japan,Kagoshima Airport,Kagoshima,130.72,31.8
KOW,Ganzhou China,Ganzhou Airport,Ganzhou,114.91,25.83
KPO,Pohang Rep. of Korea,Pohang Airport,Pohang,129.43,35.98
KRK,Krakow(John Paul II-Balice Intl) Poland,J. Paul II Balice International Airport,Krakow,19.79,50.08
KRL,Korla China,Korla Airport,Korla,86.12,41.69
KRR,Krasnodar Pashkovsky,Krasnodar Airport,Krasnodar,39.14,45.03
KRT,Khartoum Sudan,Civil Airport,Khartoum,32.55,15.59
KRY,Karamay China,Karamay Airport,Karamay,84.88,45.62
KSC,Kosice Slovakia,Barca Airport,Kosice,21.25,48.67
KSH,Kermanshah Shahid AshrafiEsfahani Iran,Kermanshah Airport,Kermanshah,47.15,34.36
KSN,Kostanay Kazakhstan,Kostanay Airport,Kostanay,63.55,53.2
KSQ,Karshi Uzbekistan,Karshi Airport,Karshi,65.78,38.81
KTM,Kathmandu Nepal,Tribhuvan Airport,Kathmandu,85.36,27.7
KTW,Katowice Poland,Pyrzowice Airport,Katowice,19.07,50.47
KUA,Kuantan Malaysia,Kuantan Airport,Kuantan,103.22,3.78
KUF,Samara Kurumoch,Samara Airport,Samara,50.15,53.51
KUH,Kushiro Japan,Kushiro Airport,Kushiro,144.2,43.05
KUL,Kuala Lumpur(Intl) Malaysia,Kuala Lumpur International Airport,Kuala Lumpur,101.71,2.76
KUN,Kaunas Lithuania,Kaunas Airport,Kaunas,23.92,54.9
KUT,Kutaisi Georgia,Kutaisi Airport,Kutaisi,42.7,42.25
KUU,Kulu India,Bhuntar Airport,Kulu,77.1,31.98
KUV,Gunsan Rep. of Korea,Gunsan Airport,Gunsan,126.75,35.98
KVD,Ganja,Gyandzha Airport,Gyandzha,46.32,40.73
KWE,Guiyang China,Guiyang Airport,Guiyang,106.8,26.54
KWJ,Gwangju Rep. of Korea,Gwangju Airport,Gwangju,126.81,35.14
KWL,Guilin China,Guilin Airport,Guilin,110.32,25.13
KXK,Komsomolsk Na Amure Khurba,Komsomolsk Na Amure Airport,Komsomolsk Na Amure,136.95,50.4
KYA,Konya Turkey,Konya Airport,Konya,32.56,37.98
KZN,Kazan Russian Fed.,Kazan Airport,Kazan,49.3,55.61
KZO,Kzyl-Orda Kazakhstan,Kzyl-Orda Airport,Kzyl-Orda,65.59,44.71
LAD,Luanda Angola,4 de Fevereiro Airport,Luanda,13.23,-8.85
LAN,Lansing MI USA,Capital City Airport,Lansing,-84.59,42.77
LAO,Laoag Philippines,Laoag Airport,Laoag,120.53,18.18
LAP,La Paz Mexico,Leon Airport,La Paz,-110.37,24.08
LAS,Las Vegas(Intl) NV USA,McCarran International Airport,Las Vegas,-115.15,36.09
LAX,Los Angeles(Intl) CA USA,Los Angeles International Airport,Los Angeles,-118.41,33.94
LBA,Leeds/Bradford England UK,Leeds/Bradford Airport,Leeds,-1.66,53.87
LBB,Lubbock(P. Smith Intl) TX USA,Lubbock International Airport,Lubbock,-101.82,33.66
LBC,Hamburg (Luebeck-Blankensee) Germany,Blankensee Airport,Hamburg,10.7,53.81
LBD,Khudzhand Tajikistan,Khudzhand Airport,Khudzhand,69.7,40.22
LBV,Libreville Gabon,Libreville Airport,Libreville,9.41,0.46
LCE,La Ceiba Honduras,Goloson International Airport,La Ceiba,-86.86,15.74
LCG,A Coruna Spain,La Coruna Airport,La Coruna,-8.38,43.3
LCJ,Lodz(Wladyslaw Reymount) Poland,Lodz Lublinek Airport,Lodz,19.4,51.72
LCX,Longyan China,Liancheng Airport,Longyan,116.75,25.68
LCY,London(City) England UK,London City Airport,London,0.05,51.5
LDB,Londrina PR Brazil,Londrina Airport,Londrina,-51.14,-23.33
LDS,Yichun Shi China,NULL,Yichun ,128.83,47.72
LDU,Lahad Datu Malaysia,Lahad Datu Airport,Lahad Datu,118.33,5.04
LED,St. Petersburg(Pulkovo) Russian Fed.,Pulkovo Airport,Saint Petersburg,30.31,59.81
LEH,Le Havre France,Octeville Airport,Le Havre,0.09,49.54
LEI,Almeria Spain,Almeria Airport,Almeria,-2.37,36.85
LEJ,Leipzig/Halle Germany,Leipzig/Halle Airport,Leipzig/Halle,12.22,51.42
LEN,Leon Spain,Leon Airport,Leon,-5.65,42.59
LEX,Lexington KY USA,Blue Grass Airport,Lexington,-84.6,38.04
LFT,Lafayette LA USA,Lafayette Regional Airport,Lafayette,-91.99,30.21
LFW,Lome Togo,Lome Airport,Lome,1.25,6.17
LGA,New York(Laguardia) NY USA,La Guardia Airport,New York,-73.87,40.77
LGB,Long Beach CA USA,Long Beach Municipal Airport,Long Beach,-118.14,33.82
LGG,Liege Belgium,Bierset Airport,Liege,5.46,50.64
LGL,Long Lellang Malaysia,Long Lellang Airport,Long Lellang,114.25,4.18
LGP,Legaspi Philippines,Legaspi Airport,Legaspi,123.73,13.15
LGW,London(Gatwick) England UK,Gatwick Airport,London,-0.16,51.16
LHE,Lahore Pakistan,Lahore Airport,Lahore,74.4,31.52
LHR,London(Heathrow) England UK,Heathrow Airport,London,-0.45,51.47
LHW,Lanzhou China,Lanzhou Airport,Lanzhou,103.87,36.03
LIG,Limoges France,Bellegarde Airport,Limoges,1.18,45.86
LIL,Lille France,Lesquin Airport,Lille,3.11,50.57
LIM,Lima Peru,J Chavez International Airport,Lima,-77.11,-12.02
LIN,Milan(Linate) Italy,Linate Airport,Milan,9.26,45.45
LIR,Liberia Costa Rica,Liberia Airport,Liberia,-85.54,10.6
LIS,Lisbon Portugal,Lisboa Airport,Lisbon,-9.13,38.77
LIT,Little Rock AR USA,Little Rock Regional Airport,Little Rock,-92.22,34.73
LJG,Lijiang City China,Lijiang Airport,Lijiang,100.25,26.68
LJU,Ljubljana Joze Pucnik Slovenia,Brnik Airport,Ljubljana,14.45,46.23
LKO,Lucknow India,Amausi Airport,Lucknow,80.88,26.76
LLW,Lilongwe Malawi,Lilongwe International Airport,Lilongwe,33.78,-13.78
LMM,Los Mochis Mexico,Federal Airport,Los Mochis,-108.98,25.82
LNJ,Lincang China,Lincang Airport,Lincang,100.03,23.74
LNK,Lincoln NE USA,Lincoln Municipal Airport,Lincoln,-96.75,40.85
LNZ,Linz Austria,Hoersching Airport,Linz,14.19,48.24
LOH,Loja Ecuador,Loja Airport,Loja,-79.37,-3.99
LOO,Laghouat Algeria,LMekrareg Airport',Laghouat,2.98,33.83
LOS,Lagos Nigeria,Murtala Muhammed Airport,Lagos,3.32,6.58
LPA,Las Palmas(Gran Canaria) Canary Is.,Airport De Gran Canaria,Las Palmas,-15.39,27.94
LPB,La Paz Bolivia,El Alto Airport,La Paz,-68.18,-16.51
LPK,Lipetsk Russian Fed.,Lipetsk Airport,Lipetsk,39.6,52.62
LPL,Liverpool England UK,Liverpool John Lennon Airport,Liverpool,-2.85,53.34
LRD,Laredo TX USA,Laredo International Airport,Laredo,-99.46,27.54
LRM,Casa De Campo Dominican Rep.,La Romana Airport,La Romana,-68.9,18.42
LSC,La Serena Chile,La Florida Airport,La Serena,-71.2,-29.92
LSH,Lashio Myanmar,Lashio Airport,Lashio,97.75,22.97
LST,Launceston TS Australia,Launceston Airport,Launceston,147.21,-41.54
LTK,Latakia Syria,Latakia Airport,Latakia,35.94,35.41
LTN,London(Luton) England UK,Luton Airport,London,-0.38,51.88
LTU,Latur India,NULL,Latur ,76.46,18.41
LUH,Ludhiana India,Ludhiana Airport,Ludhiana,75.85,30.9
LUM,Luxi China,Mangshi Airport,Luxi,98.53,24.41
LUN,Lusaka Zambia,Lusaka Airport,Lusaka,28.45,-15.33
LUQ,San Luis SL Argentina,San Luis Airport,San Luis,-66.36,-33.27
LVI,Livingstone Zambia,Livingstone Airport,Livingstone,25.82,-17.82
LWN,Gyumri Shirak,Leninakan Airport,Gyoumri,43.83,40.72
LWO,Lviv International Ukraine,Snilow Airport,Lviv,23.96,49.82
LXA,Lhasa China,Lhasa Airport,Lhasa,90.9,29.29
LXR,LUXOR INTERNATIONAL EGYPT,Luxor Airport,Luxor,32.7,25.67
LYA,Luoyang China,Luoyang Airport,Luoyang,112.39,34.74
LYG,Lianyungang China,Lianyungang Airport,Lianyungang,118.88,34.57
LYI,Linyi China,Linyi Airport,Linyi,118.41,35.05
LYP,Faisalabad Pakistan,Faisalabad Airport,Faisalabad,72.99,31.36
LYS,Lyon St-Exupery France,Lyon Saint-Exupery International Airport,Lyon,5.08,45.72
LZH,Liuzhou China,Liuzhou Airport,Liuzhou,109.4,24.21
LZO,Luzhou China,Luzhou Airport,Luzhou,105.38,28.84
LZY,Lin Zhi China,Nyingchi Apt,Linzhi,94.33,29.3
MAA,Chennai India,Chennai Airport,Chennai,80.16,12.98
MAB,Maraba PA Brazil,Maraba Airport,Maraba,-49.17,-5.37
MAD,Madrid Spain,Barajas Airport,Madrid,-3.57,40.47
MAF,Midland/Odessa TX USA,Midland International Airport,Midland/Odessa,-102.21,31.94
MAM,Matamoros Mexico,Matamoros Airport,Matamoros,-97.52,25.77
MAN,Manchester England UK,Manchester International Airport,Manchester,-2.27,53.36
MAO,Manaus AM Brazil,Eduardo Gomes International Airport,Manaus,-60.05,-3.03
MAR,Maracaibo Venezuela,La Chinita Airport,Maracaibo,-71.72,10.56
MBA,Mombasa Kenya,Moi International Airport,Mombasa,39.6,-4.03
MCI,Kansas City(Intl) MO USA,Kansas City International Airport,Kansas City,-94.72,39.29
MCO,Orlando(Intl) FL USA,Orlando International Airport,Orlando,-81.31,28.43
MCP,Macapa AP Brazil,Macapa Internacional Airport,Macapa,-51.07,0.05
MCX,Makhachkala Uytash Russian Fed.,Makhachkala Airport,Makhachkala,47.66,42.82
MCY,Sunshine Coast QL Australia,Maroochydore Airport,Sunshine Coast,153.09,-26.61
MCZ,Maceio AL Brazil,Palmares Airport,Maceio,-35.8,-9.51
MDC,Manado Indonesia,Samratulangi Airport,Manado,124.92,1.54
MDE,Medellin(Cordova) Colombia,Jose Maria Cordova,Medellin,-75.43,6.17
MDG,Mudanjiang China,Mudanjiang Airport,Mudanjiang,129.58,44.53
MDK,Mbandaka D.R. of Congo (Zaire),Mbandaka Airport,Mbandaka,18.29,0.02
MDL,Mandalay Myanmar,Annisaton Airport,Mandalay,96.09,21.94
MDQ,Mar Del Plata BA Argentina,Mar Del Plata Airport,Mar Del Plata,-57.57,-37.93
MDW,Chicago(Midway) IL USA,Midway Airport,Chicago,-87.74,41.79
MDZ,Mendoza MD Argentina,El Plumerillo Airport,Mendoza,-68.8,-32.83
MEB,Melbourne(Essendon) VI Australia,Essendon Airport,Melbourne,144.9,-37.74
MEC,Manta Ecuador,Manta Airport,Manta,-80.68,-0.95
MEL,Melbourne(Intl) VI Australia,Tullamarine Airport,Melbourne,144.85,-37.67
MEM,Memphis TN USA,Memphis International Airport,Memphis,-89.98,35.04
MES,Medan Indonesia,Polania Airport,Medan,98.67,3.56
MEX,Mexico City(Juarez Intl) Mexico,Juarez International Airport,Mexico City,-99.07,19.44
MFE,McAllen TX USA,Miller International Airport,McAllen,-98.24,26.18
MFM,Macau Macao China,Macau Airport,Macau,113.57,22.16
MGA,Managua Nicaragua,Augusto C Sandino Airport,Managua,-86.17,12.14
MGF,Maringa PR Brazil,Regional De Maringa,Maringa,-51.93,-23.38
MGM,Montgomery AL USA,Dannelly Field,Montgomery,-86.39,32.31
MGQ,Mogadishu Somalia,Mogadishu International Airport,Mogadishu,45.31,2.01
MGZ,Myeik Myanmar,Myeik Airport,Myeik,98.62,12.45
MHG,Mannheim Germany,Mannheim Airport,Mannheim,8.52,49.48
MHT,Manchester (Boston Regional) NH USA,Manchester Municipal Airport,Manchester,-71.44,42.93
MIA,Miami(Intl) FL USA,Miami International Airport,Miami,-80.28,25.8
MID,Merida Mexico,Rejon Airport,Merida,-89.66,20.93
MIG,Mian Yang China,Mian Yang Airport,Mian Yang,104.74,31.43
MII,Marilia SP Brazil,Dr Gastao Vidigal Airport,Marilia,-49.93,-22.2
MJM,Mbuji-Mayi D.R. of Congo (Zaire),Mbuji Mayi Airport,Mbuji Mayi,23.63,-6.15
MJN,Majunga Madagascar,Amborovy Airport,Majunga,46.35,-15.67
MJV,Murcia Spain,San Javier Airport,Murcia,-0.82,37.78
MKE,Milwaukee WI USA,General Mitchell Airport,Milwaukee,-87.9,42.95
MKX,Mukalla Yemen Republic of,Mukalla Airport,Mukalla,49.13,14.53
MLA,Malta,Luqa Airport,Malta,14.5,35.85
MLE,Male Maldives,Male International Airport,Male,73.52,4.2
MLG,Malang Indonesia,Malang Airport,Malang,112.71,-7.93
MLH,Mulhouse France,EuroAirport French,Basel,7.53,47.6
MLM,Morelia Mexico,Morelia Airport,Morelia,-101.03,19.84
MLW,Monrovia(Sprigg-Payne) Liberia,Sprigg Payne Airport,Monrovia,-10.76,6.29
MLX,Malatya Erhac Turkey,Malatya Airport,Malatya,38.25,38.35
MMK,Murmansk Russian Fed.,Murmansk Airport,Murmansk,32.76,68.79
MMX,Malmo Sweden,Sturup Airport,Malmo,13.36,55.54
MNL,Manila Philippines,Ninoy Aquino International Airport,Manila,121.01,14.51
MOB,Mobile AL USA,Mobile Regional Airport,Mobile,-88.24,30.68
MOC,Montes Claros MG Brazil,Montes Claros Airport,Montes Claros,-43.82,-16.71
MOD,Modesto CA USA,Modesto Municipal Airport,Modesto,-120.96,37.63
MPL,Montpellier France,Mediterranee Airport,Montpellier,3.96,43.58
MPM,Maputo Mozambique,Maputo International Airport,Maputo,32.57,-25.92
MQF,Magnitogorsk Russian Fed.,Magnitogorsk Airport,Magnitogorsk,59.07,53.45
MQP,Nelspruit South Africa,Kruger Mpumalanga International Airport,Nelspruit,31.1,-25.38
MRA,Misurata Libya,Misurata Airport,Misurata,15.07,32.4
MRQ,Marinduque Philippines,Marinduque Airport,Marinduque,121.82,13.36
MRS,Marseille France,Marseille Airport,Marseille,5.22,43.44
MSN,Madison(Dane County) WI USA,Dane County Regional Airport,Madison,-89.35,43.14
MSP,Minneapolis/St. Paul(Intl) MN USA,Minneapolis-St. Paul International Airport,Minneapolis,-93.21,44.88
MSQ,Minsk International Belarus,Minsk International 2 Airport,Minsk,28.03,53.89
MSR,Mus Turkey,Mus Airport,Mus,41.63,38.73
MST,Maastricht Aachen Airport,Maastricht/Aachen Airport,Maastricht,5.77,50.92
MSU,Maseru Lesotho,Moshoeshoe International Airport,Maseru,27.51,-29.3
MSY,New Orleans(Intl) LA USA,Louis Armstrong International Airport,New Orleans,-90.26,29.98
MTR,Monteria Colombia,S. Jeronimo Airport,Monteria,-75.82,8.83
MTS,Manzini Swaziland,Matsapha International Airport,Manzini,31.31,-26.52
MTT,Minatitlan Mexico,Minatitlan Airport,Minatitlan,-94.52,17.98
MTY,Monterrey Mexico,Gen Mariano Escobedo Airport,Monterrey,-100.11,25.78
MUA,Munda Solomon Is.,Munda Airport,Munda,157.27,-8.33
MUC,Munich(Intl) Germany,Franz Josef Strauss Airport,Munich,11.79,48.35
MUK,Mauke Is. Cook Is. S. Pacific,Mauke Island Airport,Mauke Island,-158.5,-19.33
MUN,Maturin Venezuela,Quiriquire Airport,Maturin,-63.16,9.75
MUX,Multan Pakistan,Multan Airport,Multan,71.41,30.2
MUZ,Musoma Tanzania,Musoma Airport,Musoma,33.8,-1.5
MVD,Montevideo Uruguay,Carrasco Airport,Montevideo,-56.03,-34.84
MWX,Muan Rep. of Korea,Muan International Airport,Gwangju,126.38,34.99
MWZ,Mwanza Tanzania,Mwanza Airport,Mwanza,32.92,-2.44
MXL,Mexicali Mexico,Mexicali Airport,Mexicali,-115.25,32.63
MXP,Milan (Malpensa) Italy,Malpensa Airport,Milan,8.71,45.63
MYJ,Matsuyama Shikoku Japan,Matsuyama Airport,Matsuyama,132.7,33.82
MYY,Miri Sarawak Malaysia,Miri Airport,Miri,113.98,4.33
MZI,Mopti Mali,Mopti Airport,Mopti,-4.08,14.51
MZL,Manizales Colombia,Santaguida Airport,Manizales,-75.47,5.03
MZO,Manzanillo Cuba,Sierra Maestra Airport,Manzanillo,-77.13,20.32
MZR,Mazar-I-Sharif Afghanistan,Mazar-I-Sharif Airport,Mazar-I-Sharif,67.21,36.71
MZT,Mazatlan Mexico,Gen Rafael Buelna Airport,Mazatlan,-106.27,23.17
MZV,Mulu Malaysia,Mulu Airport,Mulu,114.8,4.03
NAG,Nagpur India,Sonegaon Airport,Nagpur,79.06,21.09
NAL,Nalchik Russian Fed.,Nalchik Airport,Nalchik,43.7,43.53
NAO,Nanchong China,Nanchong Airport,Nanchong,106.07,30.8
NAP,Naples(Intl) Italy,Naples Airport,Naples,14.29,40.89
NAS,Nassau(Intl) Bahamas,Nassau International Airport,Nassau,-77.46,25.05
NAT,Natal RN Brazil,Augusto Severo Airport,Natal,-35.25,-5.92
NAY,Beijing(Nanyuan) China,Nanyuan Airport,Beijing,116.59,40.08
NBC,Nizhnekamsk Begishevo Russian Fed.,Naberevnye Chelny Airport,Naberevnye Chelny,52.1,55.56
NBO,Nairobi(Intl) Kenya,Jomo Kenyatta International Airport,Nairobi,36.93,-1.32
NBS,Baishan China,NULL,Baishan ,126.42,41.94
NBW,Guantanamo Cuba,Guantanamo Naval Air Station,Guantanamo,-75.23,20.17
NCE,Nice France,Cote DAzur Airport',Nice,7.21,43.66
NCL,Newcastle International England UK,Newcastle Airport,Newcastle,-1.71,55.04
NCU,Nukus Uzbekistan,Nukus Airport,Nukus,59.63,42.48
NDC,Nanded India,Nanded Airport,Nanded,77.32,19.18
NDG,Qiqihar China,Qiqihar Airport,Qiqihar,123.92,47.32
NDJ,N'Djamena Chad,Ndjamena Airport,Ndjamena,15.03,12.13
NDR,Nador Morocco,Nador Airport,Nador,-2.92,35.15
NGB,Ningbo China,Ningbo Airport,Ningbo,121.46,29.82
NGO,Nagoya(Intl) Japan,Chubu Centrair International Airport,Nagoya,136.81,34.86
NGS,Nagasaki Japan,Nagasaki Airport,Nagasaki,129.92,32.91
NHA,Nha-Trang Vietnam,Nha Trang Airport,Nha Trang,109.2,12.23
NIM,Niamey Niger,Niamey Airport,Niamey,2.18,13.48
NJC,Nizhnevartovsk Russian Fed.,Nizhnevartovsk Airport,Nizhnevartovsk,76.49,60.95
NJF,AL NAJAF AL ASHRAF INTL IRAQ,NULL,Najaf,-86.9,32.32
NKC,Nouakchott Mauritania,Nouakchott Airport,Nouakchott,-15.95,18.1
NKG,Nanjing China,Nanking Airport,Nanking,118.87,31.74
NKM,Nagoya(Komaki) Japan,Nagoya/Komaki Airport,Nagoya,136.92,35.25
NLA,Ndola Zambia,Ndola Airport,Ndola,28.67,-12.99
NLD,Nuevo Laredo Mexico,Quetzalcoatl International Airport,Nuevo Laredo,-99.57,27.43
NLV,Mykolaiv International Ukraine,Nikolaev Airport,Nikolaev,31.92,47.05
NMA,Namangan Uzbekistan,Namangan Airport,Namangan,71.6,40.98
NNG,Nanning China,Nanning Airport,Nanning,108.17,22.61
NNY,Nanyang China,Nanyang Airport,Nanyang,112.61,32.98
NOJ,Noyabrsk,Nojabrxsk Airport,Nojabrxsk,75.29,63.18
NOV,Huambo Angola,Huambo Airport,Huambo,15.76,-12.81
NOZ,Novokuznetsk Spichenkovo,Novokuznetsk Airport,Novokuznetsk,87.17,53.75
NQN,Neuquen NE Argentina,Neuquen Airport,Neuquen,-68.15,-38.95
NRN,Dusseldorf (Weeze) Germany,Niederrhein Airport,Dusseldorf,6.15,51.6
NRT,Tokyo(Narita) Japan,Narita Airport,Tokyo,140.39,35.77
NSI,Yaounde(Nsimalon) Cameroon,Nsimalen Airport,Yaounde,11.55,3.7
NST,Nakhon Si Thammarat Thailand,Nakhon Si Thammarat Airport,Nakhon Si Thammarat,99.95,8.47
NTE,Nantes France,Nantes Atlantique Airport,Nantes,-1.6,47.16
NTG,Nantong China,Nantong Airport,Nantong,120.98,32.07
NTL,Newcastle(Williamtown) NS Australia,Williamtown Airport,Newcastle,151.84,-32.8
NUE,Nuremberg Germany,Metropolitan Area Airport,Nuremberg,11.08,49.49
NUX,Novy Urengoy Russian Fed.,Novyj Urengoj Airport,Novyj Urengoj,76.52,66.07
NVA,Neiva Colombia,La Marguita Airport,Neiva,-75.3,2.95
NVI,Navoi Uzbekistan,Navoi Airport,Navoi,65.16,40.12
NWI,Norwich England UK,Norwich Airport,Norwich,1.28,52.67
NYO,Stockholm(Skavsta) Sweden,Skavsta Airport,Stockholm,16.92,58.78
NZE,Nzerekore Guinea,Nzerekore Airport,Nzerekore,-8.7,7.81
NZH,Manzhouli China,Manzhouli Airport,Manzhouli,117.33,49.57
OAK,Oakland CA USA,Metropolitan Oakland International Airport,Oakland,-122.21,37.71
OAX,Oaxaca Mexico,Xoxocotlan Airport,Oaxaca,-96.72,17
OBO,Obihiro Japan,Obihiro Airport,Obihiro,143.21,42.73
ODS,Odessa International Ukraine,Odessa-Central Airport,Odessa,30.68,46.44
ODY,Oudomxay Laos,Oudomxay Airport,Oudomxay,104.17,20.58
OGX,Ouargla Ain el Beida,Ain Beida Airport,Ouargla,5.4,31.92
OGZ,Vladikavkaz Beslan,Vladikavkaz Airport,Vladikavkaz,44.6,43.2
OIM,Oshima Japan,Oshima Airport,Oshima,139.37,34.78
OIT,Oita Japan,Oita Airport,Oita,131.73,33.48
OKA,Okinawa Japan,Naha Airport,Okinawa,127.77,26.37
OKC,Oklahoma City(Rogers) Oklahama USA,Will Rogers Airport,Oklahoma City,-97.6,35.4
OKJ,Okayama Japan,Okayama Airport,Okayama,133.85,34.76
OMA,Omaha NE USA,Eppley Airfield,Omaha,-95.9,41.3
OMR,Oradea Romania,Oradea Airport,Oradea,21.9,47.03
OMS,Omsk Tsentralny,Omsk Airport,Omsk,73.32,54.96
ONT,Ontario (Intl) CA USA,Ontario International Airport,Ontario,-117.6,34.06
OPO,Porto Portugal,Porto Airport,Porto,-8.67,41.24
ORD,Chicago(O'Hare) IL USA,OHare International Airport',Chicago,-87.99,41.98
ORF,Norfolk/Va.Bch/Wmbg VA USA,Norfolk International Airport,Norfolk,-76.21,36.9
ORK,Cork Ireland,Cork Airport,Cork,-8.49,51.85
ORN,Oran Algeria,Es Senia Airport,Oran,-0.61,35.62
ORY,Paris(Orly) France,Orly Field,Paris,2.36,48.73
OSI,Osijek Croatia,Osijek Airport,Osijek,18.68,45.55
OSM,MOSUL INTERNATIONAL IRAQ,Mosul Airport,Mosul,43.15,36.31
OSR,Ostrava Czech Rep.,Mosnov Airport,Ostrava,18.12,49.7
OSS,Osh Kyrgyzstan,Osh Airport,Osh,72.79,40.61
OSW,Orsk Russian Fed.,Orsk Airport,Orsk,58.57,51.2
OTP,Bucharest(Henri Coanda) Romania,Otopeni International Airport,Bucharest,26.08,44.57
OUA,Ouagadougou Burkina Faso,Ouagadougou Airport,Ouagadougou,-1.51,12.36
OUD,Oujda Morocco,Les Angades Airport,Oujda,-1.93,34.78
OUL,Oulu Finland,Oulu Airport,Oulu,25.38,64.93
OVB,Novosibirsk Russian Fed.,Tolmachevo Airport,Novosibirsk,82.67,55.01
OVD,Asturias Spain,Asturias Airport,Asturias,-6.03,43.56
OYG,Moyo Uganda,Moyo Airport,Moyo,31.72,3.65
OZC,Ozamis City Philippines,Labo Airport,Ozamis City,123.85,8.18
OZH,Zaporizhia Mokraya Intl Ukraine,Zaporozhye Airport,Zaporozhye,35.32,47.87
PAC,Panama City(Paitilla) Panama,Paitilla Airport,Panama City,-79.22,8.98
PAD,Paderborn Germany,Paderborn Airport,Paderborn,8.62,51.61
PAP,Pt. Au Prince Haiti,Mais Gate Airport,Port Au Prince,-72.29,18.58
PAT,Patna India,Patna Airport,Patna,85.09,25.59
PAZ,Poza Rica Mexico,Tajin Airport,Poza Rica,-97.47,20.52
PBC,Puebla Mexico,Huejotsingo Airport,Puebla,-98.37,19.14
PBD,Porbandar India,Porbandar Airport,Porbandar,69.66,21.65
PBM,Paramaribo (J. Pengel) Surinam,Zanderij International Airport,Paramaribo,-55.19,5.45
PCL,Pucallpa Peru,Capitan Rolden Airport,Pucallpa,-74.63,-8.33
PDG,Padang Indonesia,Tabing Airport,Padang,100.35,-0.88
PDV,Plovdiv Bulgaria,Plovdiv Airport,Plovdiv,24.72,42.3
PEE,Perm Bolshoye Savino,Perm Airport,Perm,56.02,57.92
PEG,Perugia Italy,Sant Egidio Airport,Perugia,12.37,43.13
PEI,Pereira Colombia,Matecana Airport,Pereira,-75.74,4.82
PEK,Beijing(Capital) China,Capital Airport,Beijing,116.59,40.08
PEN,Penang Malaysia,Penang International Airport,Penang,100.27,5.29
PER,Perth WA Australia,Perth Airport,Perth,115.96,-31.93
PES,Petrozavodsk Besovets,Petrozavodsk Airport,Petrozavodsk,34.33,61.68
PET,Pelotas RS Brazil,Federal Airport,Pelotas,-52.32,-31.72
PEW,Peshawar Pakistan,Peshawar Airport,Peshawar,71.52,33.99
PEZ,Penza Ternovka,Penza Airport,Penza,45.02,53.12
PFB,Passo Fundo RS Brazil,Passo Fundo Airport,Passo Fundo,-52.33,-28.25
PGF,Perpignan France,Llabanere Airport,Perpignan,2.87,42.74
PGH,Pantnagar India,Pantnagar Airport,Pantnagar,79.47,29.03
PGK,Pangkalpinang Indonesia,Pangkalpinang Airport,Pangkalpinang,106.14,-2.16
PHC,Pt. Harcourt Nigeria,Port Harcourt Airport,Port Harcourt,6.95,5.01
PHF,Newport News/Wmbg VA USA,Newport News/Williamsburg Airport,Newport News,-76.5,37.13
PHG,Port Harcourt City Nigeria,Port Harcourt City Airport,Port Harcourt,6.83,5.03
PHL,Philadelphia(Intl) PA USA,Philadelphia International Airport,Philadelphia,-75.24,39.88
PHS,Phitsanulok Thailand,Phitsanulok Airport,Phitsanulok,100.28,16.77
PHW,Phalaborwa South Africa,Phalaborwa Airport,Phalaborwa,31.16,-23.93
PHX,Phoenix(Intl) AZ USA,Sky Harbor International Airport,Phoenix,-112,33.44
PIA,Peoria IL USA,Greater Peoria Airport,Peoria,-89.69,40.67
PIE,St. Petersburg(Intl) FL USA,St. Petersburg International Airport,Saint Petersburg,-82.7,27.91
PIF,Pingtung Chinese Taipei,Pingtung Airport,Pingtung,120.49,22.71
PIK,Glasgow(Prestwick) Scotland UK,Prestwick Airport,Glasgow,-4.61,55.51
PIT,Pittsburgh(Intl) PA USA,Pittsburgh International Airport,Pittsburgh,-80.26,40.5
PIU,Piura Peru,Piura Airport,Piura,-80.61,-5.2
PKK,Pakokku Myanmar,Pakokku Airport,Pakokku,95.11,21.34
PKR,Pokhara Nepal,Pokhara Airport,Pokhara,83.99,28.2
PKU,Pekanbaru Indonesia,Simpang Tiga Airport,Pekanbaru,101.45,0.46
PKV,Pskov Russian Fed.,Pskov Airport,Pskov,28.3,57.82
PKY,Palangkaraya Indonesia,Palangkaraya Airport,Palangkaraya,113.95,-2.22
PLD,Playa Samara Costa Rica,Playa Samara Airport,Playa Samara,-85.42,10.25
PLH,Plymouth England UK,Plymouth Airport,Plymouth,-4.11,50.42
PLM,Palembang Indonesia,Mahmud Badaruddin Ii Airport,Palembang,104.7,-2.9
PLU,Belo Horizonte(Pamphula) MG Brazil,Pampulha Airport,Belo Horizonte,-43.75,-19.75
PLW,Palu Indonesia,Mutiara Airport,Palu,119.91,-0.92
PLX,Semipalatinsk Kazakhstan,Semipalatinsk Airport,Semipalatinsk,80.25,50.33
PLZ,Pt. Elizabeth South Africa,Port Elizabeth Airport,Port Elizabeth,25.61,-33.98
PMC,Puerto Montt Chile,Tepual Airport,Puerto Montt,-73.1,-41.43
PMF,Milan (Parma) Italy,Parma Airport,Milan,10.33,44.8
PMI,Palma Mallorca Spain,Palma Mallorca Airport,Palma Mallorca,2.73,39.55
PMO,Palermo Italy,Punta Raisi Airport,Palermo,13.1,38.19
PMW,Palmas TO Brazil,Palmas Airport,Palmas,-48.35,-10.24
PNA,Pamplona Spain,Pamplona Airport,Pamplona,-1.64,42.77
PNH,Phnom Penh Cambodia,Pochentong Airport,Phnom Penh,104.85,11.55
PNK,Pontianak Indonesia,Supadio Airport,Pontianak,109.41,-0.15
PNQ,Pune India,Lohegaon Airport,Pune,73.92,18.58
PNR,Pointe Noire Congo,Pointe Noire Airport,Pointe Noire,11.88,-4.81
PNZ,Petrolina PE Brazil,Petrolina Internacional Airport,Petrolina,-40.49,-9.39
POA,Porto Alegre RS Brazil,Salgado Filho Airport,Porto Alegre,-51.18,-29.99
POG,Pt. Gentil Gabon,Port Gentil Airport,Port Gentil,8.75,-0.72
POL,Pemba Mozambique,Pemba Airport,Pemba,40.52,-12.99
POM,Pt. Moresby Papua New Guinea,Jackson Field,Port Moresby,147.21,-9.44
POP,Puerto Plata Dominican Rep.,La Union Airport,Puerto Plata,-70.56,19.75
POZ,Poznan Poland,Lawica Airport,Poznan,16.83,52.41
PPB,Presidente Prudente SP Brazil,A. De Barros Airport,Presidente Prudente,-51.45,-22.1
PPK,Petropavlovsk Kazakhstan,Petropavlovsk Airport,Petropavlovsk,69.18,54.78
PPN,Popayan Colombia,Machangara Airport,Popayan,-76.61,2.45
PPS,Puerto Princesa Philippines,Puerto Princesa Airport,Puerto Princesa,118.76,9.74
PRG,Prague Czech Rep.,Prague-Ruzyne Airport,Prague,14.27,50.11
PSE,Ponce Puerto Rico,Mercedita Airport,Ponce,-66.56,18.01
PSO,Pasto Colombia,Cano Airport,Pasto,-77.25,1.47
PSR,Pescara Italy,Liberi Airport,Pescara,14.19,42.43
PSS,Posadas MI Argentina,Posadas Airport,Posadas,-55.97,-27.38
PTG,Pietersburg South Africa,Polokwane Airport,Polokwane,29.97,-23.92
PTP,Pointe A Pitre Guadeloupe,Le Raizet Airport,Pointe A Pitre,-61.53,16.27
PTY,Panama City(Intl) Panama,Tocumen International Airport,Panama City,-79.39,9.07
PUB,Pueblo CO USA,Pueblo Memorial Airport,Pueblo,-104.5,38.29
PUF,Pau France,Uzein Airport,Pau,-0.41,43.38
PUQ,Punta Arenas Chile,Pres Ibanez Airport,Punta Arenas,-70.84,-53.01
PUS,Busan Rep. of Korea,Gimhae International Airport,Busan,128.95,35.18
PVD,Providence RI USA,Theodore Francis Green State Airport,Providence,-71.44,41.73
PVG,Shanghai (Pu Dong Intl) China,Pu Dong Airport,Shanghai,121.8,31.15
PVH,Porto Velho RO Brazil,Belmonte Airport,Porto Velho,-63.9,-8.71
PVR,Puerto Vallarta Mexico,Ordaz,Puerto Vallarta,-105.25,20.68
PWQ,Pavlodar Kazakhstan,Pavlodar Airport,Pavlodar,77.07,52.18
PXU,Pleiku Vietnam,Pleiku Airport,Pleiku,108.01,14.01
PZB,Pietermaritzburg South Africa,Pietermaritzburg Airport,Pietermaritzburg,30.4,-29.64
PZH,Zhob Pakistan,Zhob Airport,Zhob,69.5,31.33
PZU,Pt. Sudan Sudan,Port Sudan Airport,Port Sudan,37.21,19.58
QOW,Owerri Nigeria,NULL,Owerri ,7.2,5.43
QRO,Queretaro Mexico,Queretaro Airport,Queretaro,-100.38,20.6
QRW,Warri Nigeria,NULL,Warri ,5.82,5.6
QSF,Setif 8 Mai 45 Algeria,Setif Airport,Setif,5.33,36.18
QSR,Salerno Italy,NULL,Salerno ,14.91,40.62
RAE,Arar Saudi Arabia,Arar Airport,Arar,41.14,30.9
RAI,Praia Cape Verde,Francisco Mendes Airport,Praia,-23.49,14.95
RAJ,Rajkot India,Civil Airport,Rajkot,70.78,22.31
RAK,Marrakech Morocco,Menara Airport,Marrakech,-8.03,31.6
RAO,Ribeirao Preto SP Brazil,Leite Lopes Airport,Ribeirao Preto,-47.77,-21.14
RAS,Rasht Sandra-E-Jangal Iran,Rasht Airport,Rasht,49.62,37.32
RBA,Rabat Morocco,Sale Airport,Rabat,-6.75,34.04
RBR,Rio Branco AC Brazil,Pres. Medici Airport,Rio Branco,-67.8,-9.97
RCB,Richards Bay South Africa,Richards Bay Airport,Richards Bay,32.09,-28.74
RCH,Riohacha Colombia,Riohacha Airport,Riohacha,-72.92,11.53
RDN,Redang Malaysia,LTS Pulau Redang Airport,Redang,103.01,5.77
RDU,Raleigh/Durham NC USA,Raleigh/Durham Airport,Raleigh/Durham,-78.79,35.87
REC,Recife PE Brazil,Guararapes International Airport,Recife,-34.92,-8.13
REG,Reggio di Calabria Italy,Tito Menniti Airport,Reggio Calabria,15.65,38.08
REN,Orenburg Tsentralny Russian Fed.,Orenburg Airport,Orenburg,55.46,51.79
REP,Siem Reap Cambodia,Siem Reap Airport,Siem Reap,103.82,13.41
RES,Resistencia CH Argentina,Resistencia Airport,Resistencia,-59.05,-27.45
REU,Reus Spain,Reus Airport,Reus,1.15,41.15
REX,Reynosa Mexico,Gen Lucio Blanco Airport,Reynosa,-98.23,26.01
RFD,Chicago(Rockford) IL USA,Chicago/Rockford International Airport,Rockford,-89.22,42.3
RGN,Yangon Myanmar,Mingaladon Airport,Yangon,96.13,16.9
RGS,Burgos Spain,NULL,Burgos ,-3.62,42.36
RIA,Santa Maria RS Brazil,Base Aerea Airport,Santa Maria,-53.69,-29.71
RIC,Richmond/Wmbg VA USA,Richmond International Airport (Byrd Field),Richmond,-77.32,37.51
RIG,Rio Grande RS Brazil,Rio Grande Airport,Rio Grande,-52.17,-32.08
RIX,Riga Latvia,Riga Airport,Riga,23.98,56.92
RJA,Rajahmundry India,Rajahmundry Airport,Rajahmundry,81.82,17.11
RJK,Rijeka Croatia,Rijeka Airport,Rijeka,14.57,45.22
RJL,Logrono Spain,Agoncillo Airport,Logrono,-2.32,42.46
RKV,Reykjavik(Domestic) Iceland,Reykjavik Domestic Airport,Reykjavik,-21.93,64.13
RLG,Rostock-Laage Germany,Laage Airport,Rostock-Laage,12.27,53.92
RMI,Rimini Italy,Miramare Airport,Rimini,12.62,44.02
RNO,Reno NV USA,Reno/Tahoe International Airport,Reno,-119.78,39.51
RNS,Rennes France,St Jacques Airport,Rennes,-1.73,48.07
ROB,Monrovia Liberia,Roberts International Airport,Monrovia,-10.36,6.24
ROC,Rochester NY USA,Greater Rochester International Airport,Rochester,-77.67,43.13
ROO,Rondonopolis MT Brazil,Rondonopolis Airport,Rondonopolis,-54.72,-16.43
ROS,Rosario SF Argentina,Fisherton Airport,Rosario,-60.78,-32.93
ROV,Rostov Russian Fed.,Rostov Airport,Rostov,39.75,47.25
RPR,Raipur India,Raipur Airport,Raipur,81.74,21.18
RSA,Santa Rosa LP Argentina,Santa Rosa Airport,Santa Rosa,-64.27,-36.57
RST,Rochester MN USA,Rochester International Airport,Rochester,-92.49,43.91
RTM,Rotterdam Netherlands,Rotterdam The Hague Airport,Rotterdam,4.43,51.95
RTW,Saratov Tsentralny Russian Fed.,Saratov Airport,Saratov,46.07,51.57
RUA,Arua Uganda,Arua Airport,Arua,30.93,3.03
RUD,Shahrud Iran,NULL,Shahrud ,55.1,36.42
RUH,Riyadh Saudi Arabia,King Khaled International Airport,Riyadh,46.7,24.96
RUN,St. Denis De La Reunion Ind. Oc.,Gillot Airport,Saint Denis de la Reunion,55.51,-20.89
RXS,Roxas City Philippines,Roxas City Airport,Roxas City,122.75,11.6
RYK,Rahim Yar Khan Pakistan,Rahim Yar Khan Airport,Rahim Yar Khan,70.29,28.39
RZE,Rzeszow Poland,Jasionka Airport,Rzeszow,22.03,50.12
SAN,San Diego(Intl) CA USA,San Diego International Airport,San Diego,-117.2,32.73
SAP,San Pedro Sula Honduras,Ramon Villeda Morales Airport,San Pedro Sula,-87.93,15.46
SAT,San Antonio TX USA,San Antonio International Airport,San Antonio,-98.47,29.52
SAV,Savannah/Hilton Head GA USA,Savannah/Hilton Head Airport,Savannah,-81.21,32.14
SAW,Istanbul (Sabiha Gokcen) Turkey,Sabiha Gokcen,Istanbul,29.31,40.9
SBN,South Bend(Regional) IN USA,South Bend Regional,South Bend,-86.31,41.7
SBW,Sibu Sarawak Malaysia,Sibu Airport,Sibu,111.99,2.25
SBZ,Sibiu Romania,Sibiu Airport,Sibiu,24.09,45.79
SCK,Sacramento(Stockton) CA USA,Stockton Airport,Stockton,-121.24,37.89
SCL,Santiago(Intl) Chile,Arturo Merino Benitez Airport,Santiago,-70.79,-33.4
SCN,Saarbruecken Germany,Ensheim Airport,Saarbruecken,7.11,49.22
SCO,Aktau Kazakhstan,Aktau Airport,Aktau,51.1,43.87
SCU,Santiago Cuba,Antonio Maceo Airport,Santiago,-75.84,19.97
SCV,Suceava Romania,Salcea Airport,Suceava,26.36,47.69
SCW,Syktyvkar Russian Fed.,Syktyvkar Airport,Syktyvkar,50.77,61.67
SDD,Lubango Angola,Lubango Airport,Lubango,13.58,-14.92
SDE,Santiago Del Estero SE Argentina,Santiago Del Estero Airport,Santiago Del Estero,-64.32,-27.77
SDF,Louisville KY USA,Louisville International Airport,Louisville,-85.74,38.19
SDG,Sanandaj Iran,Sanandaj Airport,Sanandaj,47.01,35.25
SDJ,Sendai Japan,Sendai Airport,Sendai,140.92,38.14
SDK,Sandakan Sabah Malaysia,Sandakan Airport,Sandakan,118.06,5.9
SDQ,Santo Domingo Dominican Rep.,Las Americas Airport,Santo Domingo,-69.68,18.43
SDR,Santander Spain,Santander Airport,Santander,-3.82,43.42
SDU,Rio De Janeiro(Dumont) RJ Brazil,Santos Dumont Airport,Rio De Janeiro,-43.17,-22.91
SDV,Tel Aviv-Yafo Sde Dov Israel,Sde-Dov Airport,Tel Aviv-Yafo,34.79,32.1
SEA,Seattle/Tacoma(Intl) WA USA,Seattle/Tacoma International Airport,Seattle,-122.3,47.44
SEB,Sebha Libya,Sebha Airport,Sebha,14.46,27.02
SEN,Southend London Southend England UK,Southend Municipal Airport,Southend,0.7,51.57
SFA,Sfax Thyna Tunisia,Sfax El Maou Airport,Sfax,10.68,34.72
SFB,Orlando(Sanford) FL USA,Orlando Sanford International Airport,Orlando,-81.24,28.78
SFN,Santa Fe SF Argentina,Santa Fe Airport,Santa Fe,-60.82,-31.72
SFO,San Francisco(Intl) CA USA,SFO International Airport,San Francisco,-122.39,37.62
SGC,Surgut Russian Fed.,Surgut Airport,Surgut,73.41,61.34
SGF,Springfield MO USA,Springfield-Branson Regional Airport,Springfield,-93.38,37.24
SGN,Ho Chi Minh City Vietnam,Ho Chi Minh City Airport,Ho Chi Minh City,106.66,10.81
SHA,Shanghai (Hongqiao Intl) China,Hongqiao Airport,Shanghai,121.34,31.2
SHE,Shenyang China,Shenyang Airport,Shenyang,123.43,41.86
SHJ,Sharjah U.A. Emirates,Sharjah Airport,Sharjah,55.52,25.32
SHL,Shillong India,Shillong Airport,Shillong,91.88,25.57
SHP,Qinhuangdao China,Qinhuangdao Airport,Qinhuangdao,119.5,39.93
SHV,Shreveport LA USA,Shreveport Regional Airport,Shreveport,-93.83,32.45
SHY,Shinyanga Tanzania,Shinyanga Airport,Shinyanga,33.5,-3.61
SIN,Singapore(Changi),Changi Airport,Singapore,103.99,1.36
SIP,Simferopol International Ukraine,Simferopol Airport,Simferopol,34,45.02
SJC,San Jose Norman Y. Mineta Intl CA USA,Norman Y. Mineta San Jose International Airport,San Jose,-121.93,37.37
SJE,San Jose Del Guaviaro Colombia,San Jose Del Gua Airport,San Jose Del Gua,-72.67,2.58
SJJ,Sarajevo Intl Bosnia & Herzegovina,Butmir Airport,Sarajevo,18.34,43.83
SJK,Sao Jose Dos Campos SP Brazil,Sao Jose dos Campos Airport,Sao Jose dos Campos,-46.12,-23.18
SJO,San Jose(Santamaria) Costa Rica,Juan Santamaria International Airport,San Jose,-84.2,10
SJP,Sao Jose Do Rio Preto SP Brazil,Sao Jose Do Rio Preto Airport,Sao Jose Do Rio Preto,-49.42,-20.82
SJU,San Juan(Intl) Puerto Rico,Luis Munoz Marin International Airport,San Juan,-66,18.44
SJW,Shijiazhuang China,Daguocun Airport,Shijiazhuang,114.69,38.27
SKD,Samarkand Uzbekistan,Samarkand Airport,Samarkand,66.99,39.7
SKG,Thessaloniki Greece,Makedonia Airport,Thessaloniki,22.97,40.52
SKO,Sokoto Nigeria,Sokoto Airport,Sokoto,5.24,13.01
SKP,Skopje Macedonia,Skopje Airport,Skopje,21.63,41.96
SKT,Sialkot Pakistan,Sialkot Airport,Sialkot,74.5,32.53
SKZ,Sukkur Pakistan,Sukkur Airport,Sukkur,68.8,27.72
SLA,Salta SA Argentina,Gen Belgrano Airport,Salta,-65.48,-24.84
SLC,Salt Lake City UT USA,Salt Lake City International Airport,Salt Lake City,-111.98,40.79
SLL,Salalah Oman,Salalah Airport,Salalah,54.11,17.04
SLM,Salamanca Spain,Matacan Airport,Salamanca,-5.65,40.97
SLP,San Luis Potosi Mexico,San Luis Potosi Airport,San Luis Potosi,-100.94,22.26
SLV,Simla India,Simla Airport,Simla,77.15,31.12
SLW,Saltillo Mexico,Saltillo Airport,Saltillo,-100.92,25.55
SMF,Sacramento(Metro) CA USA,Sacramento International Airport,Sacramento,-121.59,38.69
SMR,Santa Marta Colombia,Simon Bolivar Airport,Santa Marta,-74.23,11.12
SNA,Santa Ana(J.Wayne) CA USA,John Wayne Airport,Santa Ana,-117.86,33.68
SNO,Sakon Nakhon Thailand,Sakon Nakhon Airport,Sakon Nakhon,104.1,17.28
SOC,Solo City Indonesia,Adi Sumarmo Airport,Solo City,110.75,-7.52
SOF,Sofia Bulgaria,Vrazhdebna Airport,Sofia,23.41,42.69
SOQ,Sorong Indonesia,Jefman Airport,Sorong,131.29,-0.89
SOU,Southampton England UK,Southampton Airport,Southampton,-1.36,50.95
SPI,Springfield IL USA,Capital Airport,Springfield,-89.68,39.84
SPS,Wichita Falls TX USA,Sheppard Air Force Base,Wichita Falls,-98.49,33.99
SPU,Split Croatia,Split Airport,Split,16.3,43.54
SRE,Sucre Bolivia,Sucre Airport,Sucre,-65.3,-19.01
SRG,Semarang Indonesia,Achmad Uani Airport,Semarang,110.38,-6.98
SRX,Sert Libya,Sert Airport,Sert,16.61,31.06
SRZ,Santa Cruz Bolivia,El Trompillo Airport,Santa Cruz,-63.17,-17.8
SSA,Salvador BA Brazil,Airport Luis E. Magalhaes,Salvador,-38.34,-12.91
SSE,Sholapur India,Sholapur Airport,Sholapur,75.93,17.63
SSG,Malabo Equatorial Guinea,Santa Isabel Airport,Malabo,8.72,3.76
STG,St. George Is. AK USA,St. George Island Airport,Saint George Island,-169.55,56.6
STI,Santiago Dominican Rep.,Santiago Municipal Airport,Santiago,-70.6,19.4
STL,St. Louis(Intl) MO USA,Lambert-St. Louis International Airport,Saint Louis,-90.37,38.74
STM,Santarem Maestro Wilson Fonseca Brazil,Eduardo Gomes Airport,Santarem,-54.79,-2.42
STN,London(Stansted) England UK,Stansted Airport,London,0.26,51.89
STR,Stuttgart Germany,Echterdingen Airport,Stuttgart,9.19,48.69
STS,Santa Rosa CA USA,Sonoma County Airport,Santa Rosa,-122.81,38.51
STV,Surat India,Surat Gujarat Airport,Surat Gujarat,73.92,29.3
STW,Stavropol Shpakovskoye Russian Fed.,Stavropol Airport,Stavropol,42.01,45.33
SUB,Surabaya Indonesia,Juanda Airport,Surabaya,112.78,-7.38
SUJ,Satu Mare Romania,Satu Mare Airport,Satu Mare,22.88,47.7
SUV,Suva Fiji,Nausori Airport,Suva,178.56,-18.05
SVG,Stavanger Norway,Sola Airport,Stavanger,5.63,58.88
SVO,Moscow(Sheremetyevo) Russian Fed.,Sheremetyevo Airport,Moscow,37.42,55.97
SVP,Kuito Angola,Kuito Airport,Kuito,16.96,-12.4
SVQ,Seville Spain,Sevilla Airport,Sevilla,-5.9,37.42
SVX,Yekaterinburg Koltsovo Russian Fed.,Ekaterinburg Airport,Ekaterinburg,60.8,56.75
SWA,Shantou China,Shantou Airport,Shantou,116.76,23.43
SXB,Strasbourg (Intl) France,Entzheim Airport,Strasbourg,7.63,48.54
SXF,Berlin(Schoenefeld) Germany,Schoenefeld Airport,Berlin,13.52,52.37
SXV,Salem India,Salem Airport,Salem,78.17,11.65
SYD,Sydney(Intl) NS Australia,Kingsford Smith Airport,Sydney,151.18,-33.93
SYJ,Sirjan Iran,Sirjan Airport,Sirjan,55.66,29.55
SYM,Simao China,Simao Airport,Simao,100.96,22.8
SYQ,San Jose(Bolanos) Costa Rica,Tobias Bolanos International Airport,San Jose,-84.13,9.95
SYR,Syracuse NY USA,Hancock International Airport,Syracuse,-76.11,43.11
SYX,Sanya China,Sanya Airport,Sanya,109.41,18.31
SYZ,Shiraz Shahid Dastghaib Intl Iran,Shiraz Airport,Shiraz,52.59,29.55
SZB,Kuala Lumpur(Sultan Shah) Malaysia,Sultan Abdul Aziz Shah Airport,Kuala Lumpur,101.56,3.13
SZF,Samsun(Carsamba) Turkey,Carsamba Airport,Samsun,36.56,41.26
SZG,Salzburg Austria,W. A. Mozart Airport,Salzburg,13,47.79
SZX,Shenzhen China,Shenzhen Airport,Shenzhen,113.93,22.3
SZZ,Szczecin Poland,Goleniow Airport,Szczecin,14.89,53.59
TAE,Daegu Rep. of Korea,Daegu Airport,Daegu,128.64,35.9
TAK,Takamatsu Japan,Takamatsu Airport,Takamatsu,134.02,34.22
TAM,Tampico Mexico,Gen F Javier Mina Airport,Tampico,-97.87,22.29
TAO,Qingdao China,Qingdao Airport,Qingdao,120.38,36.27
TAP,Tapachula Mexico,Tapachula International Airport,Tapachula,-92.25,14.91
TAS,Tashkent(Vostochny) Uzbekistan,Yuzhny Airport,Tashkent,69.27,41.26
TAY,Tatu Estonia,Tartu Airport,Tartu,26.73,58.33
TBO,Tabora Tanzania,Tabora Airport,Tabora,32.84,-5.07
TBS,Tbilisi (Intl) Georgia,Novo Alexeyevka Airport,Tbilisi,44.96,41.67
TBW,Tambov Donskoye Russian Fed.,Tambov Airport,Tambov,41.43,52.72
TBZ,Tabriz International Iran,Tabriz Airport,Tabriz,46.24,38.12
TCG,Tacheng China,Tacheng Airport,Tacheng,83.33,46.67
TCQ,Tacna Peru,Tacna Airport,Tacna,-70.28,-18.06
TCR,Tuticorin India,Tuticorin Airport,Tuticorin,78.03,8.72
TDX,Trat Thailand,Trat Airport,Trat,102.32,12.27
TEE,Tbessa Algeria,Tebessa Airport,Tebessa,8.15,35.47
TEN,Tongren China,Tongren Airport,Tongren,109.05,27.63
TEQ,Tekirdag Turkey,Corlu Airport,Tekirdag,27.5,40.97
TET,Tete Mozambique,Matundo Airport,Tete,33.64,-16.1
TFN,Tenerife(Norte) Canary Is.,Norte Los Rodeos Airport,Tenerife,-16.35,28.49
TFS,Tenerife Sur Canary Is.,Sur Reina Sofia Airport,Tenerife,-16.57,28.04
TGD,Podgorica Montenegro,Podgorica Airport,Podgorica,19.25,42.37
TGG,Kuala Terengganu Malaysia,Sultan Mahmood Airport,Kuala Terengganu,103.11,5.38
TGM,Tirgu Mures Romania,Tirgu Mures Airport,Tirgu Mures,24.53,46.53
TGO,Tongliao China,Tongliao Airport,Tongliao,122.2,43.56
TGU,Tegucigalpa Honduras,Toncontin Airport,Tegucigalpa,-87.22,14.06
TGZ,Tuxtla Gutierrez Mexico,Angel Albino Corzo International Airport,Tuxtla Gutierrez,-93.02,16.56
THE,Teresina PI Brazil,Teresina Airport,Teresina,-42.82,-5.06
THQ,Tianshui China,NULL,Tianshui ,105.86,34.56
THR,Tehran(Mehrabad Intl) Iran,Mehrabad Airport,Tehran,51.32,35.69
TIA,Tirana Nene Tereza Intl Albania,Rinas Airport,Tirana,19.71,41.42
TID,Tiaret Bou Chekif Algeria,Bouchekif Airport,Tiaret,1.35,35.47
TIF,Taif Saudi Arabia,Taif Airport,Taif,40.55,21.48
TIJ,Tijuana Mexico,Rodriguez Airport,Tijuana,-116.97,32.55
TIP,Tripoli Libya,Tripoli International Airport,Tripoli,13.14,32.67
TIR,Tirupati India,Tirupati Airport,Tirupati,79.54,13.64
TJA,Tarija Bolivia,Tarija Airport,Tarija,-64.75,-21.55
TJM,Tyumen Roshchino Russian Fed.,Tyumen Airport,Tyumen,65.35,57.18
TKG,Bandar Lampung Indonesia,Branti Airport,Bandar Lampung,105.18,-5.24
TKQ,Kigoma Tanzania,Kigoma Airport,Kigoma,29.67,-4.88
TKS,Tokushima Japan,Tokushima Airport,Tokushima,134.59,34.14
TKU,Turku Finland,Turku Airport,Turku,22.28,60.51
TLC,Mexico City (Toluca) Mexico,Toluca Airport,Toluca,-99.67,19.28
TLE,Tulear Madagascar,Tulear Airport,Tulear,43.72,-23.39
TLH,Tallahassee FL USA,Tallahassee Regional Airport,Tallahassee,-84.34,30.4
TLL,Tallinn Estonia,Ulemiste Airport,Tallinn,24.8,59.42
TLM,Tlemcen Zenata-Messali El Hadj Algeria,Zenata Airport,Tlemcen,-1.45,35.02
TLN,Toulon/Hyeres France,Hyeres Airport,Toulon,6.16,43.09
TLS,Toulouse France,Blagnac Airport,Toulouse,1.37,43.63
TLV,Tel Aviv(Ben Gurion) Israel,Ben Gurion International Airport,Tel Aviv-Yafo,34.87,32
TMJ,Termez Uzbekistan,Termez Airport,Termez,67.32,37.28
TML,Tamale Ghana,Tamale Airport,Tamale,-0.88,9.41
TMM,Tamatave Madagascar,Tamatave Airport,Tamatave,49.39,-18.11
TMP,Tampere Finland,Tampere-Pirkkala Airport,Tampere,23.62,61.42
TMS,Sao Tome Is.,Sao Tome Island Airport,Sao Tome Island,6.72,0.38
TNA,Jinan China,Jinan Airport,Jinan,117.21,36.86
TNG,Tangier Morocco,Boukhalef Airport,Tangier,-5.91,35.73
TNJ,Tanjung Pinang Indonesia,Kidjang Airport,Tanjung Pinang,104.54,0.92
TNN,Tainan Chinese Taipei,Tainan Airport,Tainan,120.22,22.95
TNR,Antananarivo Madagascar,Antananarivo Airport,Antananarivo,47.48,-18.8
TOF,Tomsk Bogashevo Russian Fed.,Tomsk Airport,Tomsk,84.97,56.5
TOL,Toledo OH USA,Express Airport,Toledo,-83.81,41.59
TOM,Tombouctou Mali,Tombouctou Airport,Tombouctou,-3.01,16.73
TOY,Toyama Japan,Toyama Airport,Toyama,137.19,36.64
TPA,Tampa(Intl) FL USA,Tampa International Airport,Tampa,-82.54,27.98
TPE,Taipei(Taoyuan Intl) Chinese Taipei,Taiwan Taoyuan International Airport,Taipei,121.22,25.08
TPP,Tarapoto Peru,Tarapoto Airport,Tarapoto,-76.4,-6.51
TPQ,Tepic Mexico,Tepic Airport,Tepic,-104.9,21.5
TRC,Torreon Mexico,Torreon Airport,Torreon,-103.4,25.56
TRD,Trondheim Norway,Vaernes Airport,Trondheim,10.92,63.45
TRF,Oslo(Sandefjord-Torp) Norway,Sandefjord Airport,Oslo,10.25,59.18
TRG,Tauranga New Zealand,Tauranga Airport,Tauranga,176.2,-37.67
TRI,Tri-City Airport TN USA,Tri-Cities Regional,Tri-City,-82.41,36.48
TRN,Turin Italy,Citta Di Torino Airport,Turin,7.64,45.19
TRS,Trieste Italy,Dei Legionari Airport,Trieste,13.49,45.82
TRU,Trujillo Peru,Trujillo Airport,Trujillo,-79.11,-8.09
TRV,Thiruvananthapuram India,Trivandrum International Airport,Thiruvananthapuram,76.92,8.48
TRZ,Tiruchirapally India,Civil Airport,Tiruchirappalli,78.71,10.76
TSA,Taipei(Sung Shan) Chinese Taipei,Sung Shan Airport,Taipei,121.55,25.06
TSE,Astana Kazakhstan,Astana Airport,Astana,71.46,51.03
TSF,Venice (Treviso) Italy,Treviso Airport,Venice,12.21,45.66
TSN,Tianjin China,Tianjin Airport,Tianjin,117.34,39.12
TSR,Timisoara Traian Vuia Romania,Timisoara Airport,Timisoara,21.32,45.81
TSV,Townsville QL Australia,Townsville Airport,Townsville,146.77,-19.26
TTE,Ternate Indonesia,Babullah Airport,Ternate,127.4,0.8
TTJ,Tottori Japan,Tottori Airport,Tottori,134.17,35.53
TTT,Taitung Chinese Taipei,Taitung Airport,Taitung,121.1,22.75
TUC,Tucuman TU Argentina,Benj Matienzo Airport,Tucuman,-65.2,-26.83
TUF,Tours France,St Symphorien Airport,Tours,0.73,47.43
TUG,Tuguegarao Philippines,Tuguegarao Airport,Tuguegarao,121.73,17.64
TUL,Tulsa OK USA,Tulsa International Airport,Tulsa,-95.89,36.19
TUS,Tucson AZ USA,Tucson International Airport,Tucson,-110.94,32.12
TUU,Tabuk Saudi Arabia,Tabuk Airport,Tabuk,36.61,28.38
TWB,Toowoomba QL Australia,Toowoomba Airport,Toowoomba,151.91,-27.54
TWU,Tawau Sabah Malaysia,Tawau Airport,Tawau,117.88,4.26
TXL,Berlin(Tegel) Germany,Tegel Airport,Berlin,13.29,52.55
TXN,Tunxi China,Tunxi Airport,Tunxi,118.26,29.73
TYN,Taiyuan China,Taiyuan Airport,Taiyuan,112.63,37.75
TYS,Knoxville TN USA,Mc Ghee Tyson Airport,Knoxville,-83.99,35.81
TZX,Trabzon Turkey,Trabzon Airport,Trabzon,39.78,40.99
UAQ,San Juan SJ Argentina,San Juan Airport,San Juan,-68.52,-31.55
UAS,Samburu Kenya,Samburu Airport,Samburu,37.55,0.47
UBA,Uberaba MG Brazil,Uberaba Airport,Uberaba,-47.96,-19.78
UBJ,Ube Japan,Ube Airport,Ube,131.27,33.93
UBP,Ubon Ratchathani Thailand,Muang Ubon Airport,Ubon Ratchathani,104.87,15.25
UCT,Ukhta Russian Fed.,Ukhta Airport,Ukhta,53.8,63.57
UDI,Uberlandia MG Brazil,Eduardo Gomes Airport,Uberlandia,-48.23,-18.9
UDJ,Uzhhorod International Ukraine,Uzhgorod Airport,Uzhgorod,22.27,48.64
UDR,Udaipur India,Dabok Airport,Udaipur,73.89,24.62
UEL,Quelimane Mozambique,Quelimane Airport,Quelimane,36.87,-17.85
UET,Quetta Pakistan,Quetta Airport,Quetta,66.95,30.25
UFA,Ufa Russian Fed.,Ufa Airport,Ufa,55.88,54.57
UGC,Urgench Uzbekistan,Urgench Airport,Urgench,60.63,41.58
UIB,Quibdo Colombia,Quibdo Airport,Quibdo,-76.64,5.69
UIH,Quinhon Vietnam,Qui Nhon Airport,Qui Nhon,109.23,13.77
UIO,Quito Ecuador,Mariscal Sucre Airport,Quito,-78.49,-0.15
UKB,Osaka(Kobe) Japan,Kobe Airport,Kobe,135.23,34.64
UKK,Ust-Kamenogorsk Kazakhstan,Ust-Kamenogorsk Airport,Ust-Kamenogorsk,82.51,50.03
ULG,Ulgit Mongolia,Ulgit Airport,Ulgit,89.97,48.97
ULN,Ulaanbaatar Mongolia,Chinggis Khaan International Airport,Ulaanbaatar,106.76,47.85
ULU,Gulu Uganda,Gulu Airport,Gulu,32.3,2.78
ULY,Ulyanovsk Vostochny Russian Fed.,Ulyanovsk Airport,Ulyanovsk,48.22,54.27
UND,Kunduz Afghanistan,Kunduz Airport,Kunduz,68.91,36.66
UPB,Havana(Playa Baracoa) Cuba,Playa Baracoa Airport,Havana,-82.58,23.03
UPG,Ujung Pandang Indonesia,Hasanudin Airport,Ujung Pandang,119.55,-5.06
UPN,Uruapan Mexico,Uruapan Airport,Uruapan,-102.05,19.41
URA,Uralsk Kazakhstan,Uralsk Airport,Uralsk,51.54,51.15
URC,Urumqi China,Urumqi Airport,Urumqi,87.48,43.9
URG,Uruguaiana RS Brazil,Ruben Berta Airport,Uruguaiana,-57.04,-29.78
URT,Surat Thani Thailand,Surat Thani Airport,Surat Thani,99.14,9.13
USN,Ulsan Rep. of Korea,Ulsan Airport,Ulsan,129.36,35.59
USQ,Usak Turkey,Usak Airport,Usak,29.47,38.68
UTH,Udon Thani Thailand,Udon Thani Airport,Udon Thani,102.77,17.39
UUD,Ulan-Ude Mukhino Russian Fed.,Ulan-Ude Airport,Ulan-Ude,107.5,51.83
UUS,Yuzhno-Sakhalinsk Khomutovo Russian Fed.,Yuzhno-Sakhalinsk Airport,Yuzhno-Sakhalinsk,142.75,46.97
UYL,Nyala Sudan,Nyala Airport,Nyala,24.89,12.07
UYN,Yulin China,Yulin Airport,Yulin,109.73,38.27
VAN,Van Ferit Melen Turkey,Van Airport,Van,43.33,38.46
VAR,Varna Bulgaria,Varna Airport,Varna,27.83,43.24
VAS,Sivas Turkey,Sivas Airport,Sivas,36.9,39.81
VBS,Verona(Brescia) Italy,Montichiari Airport,Brescia,10.33,45.43
VCA,Can Tho Vietnam,Can Tho Airport,Can Tho,105.77,10.05
VCE,Venice Italy,Marco Polo Airport,Venice,12.34,45.5
VCP,Sao Paulo(Viracopos) SP Brazil,Viracopos Airport,Campinas,-47.14,-23.01
VDC,Vitoria Da Conquista BA Brazil,Vitoria Da Conquista Airport,Vitoria Da Conquista,-40.87,-14.88
VER,Veracruz Mexico,Las Bajadas Airport,Veracruz,-96.18,19.14
VGA,Vijayawada India,Vijayawada Airport,Vijayawada,80.8,16.53
VGO,Vigo Spain,Vigo Airport,Vigo,-8.63,42.22
VIE,Vienna Austria,Vienna International Airport,Vienna,16.56,48.12
VII,Vinh City Vietnam,Vinh City Airport,Vinh City,105.63,18.7
VIS,Visalia CA USA,Visalia Airport,Visalia,-119.39,36.32
VIT,Vitoria Spain,Vitoria Airport,Vitoria,-2.5,42.83
VIX,Vitoria ES Brazil,Eurico Sales Airport,Vitoria,-40.29,-20.26
VKG,Rachgia Vietnam,Rach Gia Airport,Rach Gia,105.08,10.08
VKO,Moscow(Vnukovo Intl) Russian Fed.,Vnukovo Airport,Moscow,37.29,55.6
VLC,Valencia Spain,Valencia Airport,Valencia,-0.47,39.49
VLL,Valladolid Spain,Valladolid Airport,Valladolid,-4.84,41.71
VLN,Valencia Venezuela,Valencia Airport,Valencia,-67.92,10.15
VNO,Vilnius Lithuania,Vilnius Airport,Vilnius,25.28,54.64
VNS,Varanasi India,Varanasi Airport,Varanasi,82.85,25.45
VOG,Volgograd Gumrak Russian Fed.,Volgograd Airport,Volgograd,44.35,48.79
VOZ,Voronezh Chertovitskoye Russian Fed.,Voronezh Airport,Voronezh,39.23,51.81
VPY,Chimoio Mozambique,Chimoio Airport,Chimoio,33.48,-19.13
VRN,Verona (Villafranca) Italy,Verona Airport,Verona,10.91,45.4
VSA,Villahermosa Mexico,Capitan Carlos Perez Airport,Villahermosa,-92.82,17.99
VSG,Luhansk International Ukraine,Lugansk Airport,Lugansk,39.33,48.57
VST,Stockhom(Vasteras) Sweden,Vasteras/Hasslo Airport,Stockholm,16.63,59.59
VTE,Vientiane Laos,Wattay,Vientiane,102.57,17.98
VTU,Las Tunas Cuba,Las Tunas Airport,Las Tunas,-76.95,20.97
VTZ,Vishakhapatnam India,Vishakhapatnam Airport,Vishakhapatnam,83.23,17.73
VUP,Valledupar Colombia,Valledupar Airport,Valledupar,-73.25,10.44
VVC,Villavicencio Colombia,La Vanguardia Airport,Villavicencio,-73.57,4.08
VVI,Santa Cruz(Intl) Bolivia,Viru Viru International Airport,Santa Cruz,-63.14,-17.65
VVO,Vladivostok Knevichi Russian Fed.,Vladivostok Airport,Vladivostok,132.14,43.38
VXC,Lichinga Mozambique,Lichinga Airport,Lichinga,35.25,-13.28
WAW,Warsaw(F. Chopin) Poland,Frederic Chopin Airport,Warsaw,20.97,52.17
WDH,Windhoek Namibia,Hosea Kutako International Airport,Windhoek,17.46,-22.49
WEF,Weifang China,Weifang Airport,Weifang,119.11,36.64
WEH,Weihai China,Weihai Airport,Weihai,122.24,37.19
WIL,Nairobi(Wilson) Kenya,Wilson Airport,Nairobi,36.81,-1.32
WJU,Won-Ju Rep. of Korea,Wonju Airport,Wonju,127.95,37.43
WLG,Wellington New Zealand,Wellington International Airport,Wellington,174.81,-41.33
WNP,Naga Philippines,Naga Airport,Naga,123.27,13.59
WNS,Nawab Shah Pakistan,Nawabshah Airport,Nawabshah,68.39,26.22
WNZ,Wenzhou China,Wenzhou Airport,Wenzhou,120.85,27.92
WRO,Wroclaw Poland,Strachowice Airport,Wroclaw,16.9,51.1
WUH,Wuhan China,Wuhan Airport,Wuhan,114.21,30.78
WUS,Wuyishan China,Fujian Province Airport,Wuyishan,117.97,27.72
WUX,Wuxi China,Wuxi Airport,Wuxi,120.42,31.49
WUZ,Wuzhou China,Changzhoudao Airport,Wuzhou,111.25,23.46
WXN,Wanxian China,Wanxian Airport,Wanxian,108.43,30.8
XAP,Chapeco SC Brazil,Chapeco Airport,Chapeco,-52.63,-27.09
XBJ,Birjand Iran,Birjand Airport,Birjand,59.25,32.9
XFN,Xiangfan China,Xiangfan Airport,Xiangfan,112.29,32.15
XIC,Xichang China,Xichang Airport,Xichang,102.19,27.98
XIL,Xilinhot China,Xilinhot Airport,Xilinhot,115.96,43.92
XIY,Xi An(Xianyang) China,Xianyang Airport,Xian,108.76,34.44
XMN,Xiamen China,Xiamen Airport,Xiamen,118.13,24.54
XNN,Xining China,Xining Airport,Xining,102.04,36.53
XRY,Jerez De La Frontera Spain,La Parra Airport,Jerez De La Frontera,-6.06,36.75
XUZ,Xuzhou China,Xuzhou Airport,Xuzhou,117.55,34.05
YBP,Yibin China,Yibin Airport,Yibin,104.54,28.8
YCU,Yun Cheng China,Zhangxiao,Yuncheng,110.99,35.02
YEG,Edmonton(Intl) AB Canada,Edmonton International Airport,Edmonton,-113.58,53.31
YES,Yasouj Iran,Yasouj Airport,Yasouj,51.55,30.7
YGJ,Yonago Japan,Miho Airport,Yonago,133.24,35.5
YGK,Kingston ON Canada,Kingston Airport,Kingston,-76.59,44.22
YHM,Hamilton(Munro Intl) ON Canada,Hamilton Airport,Hamilton,-79.93,43.16
YHU,Montreal(St.Hubert) QC Canada,St. Hubert Airport,Montreal,-73.6,45.5
YHZ,Halifax(Intl) NS Canada,Halifax International Airport,Halifax,-63.51,44.88
YIH,Yichang China,Yichang Airport,Yichang,111.48,30.55
YIN,Yining China,Yining Airport,Yining,81.33,43.95
YIW,Yiwu China,Yiwu Airport,Yiwu,120.03,29.34
YKF,Kitchener/Waterloo ON Canada,Kitchener-Waterloo Regional Airport,Kitchener,-80.48,43.45
YKS,Yakutsk Russian Fed.,Yakutsk Airport,Yakutsk,129.75,62.09
YLH,Lansdowne House ON Canada,Lansdowne House Airport,Lansdowne House,-87.93,52.18
YLW,Kelowna BC Canada,Kelowna Airport,Kelowna,-119.38,49.95
YNB,Yanbo Saudi Arabia,Yanbu Airport,Yanbu,38.06,24.14
YNJ,Yanji China,Yanji Airport,Yanji,129.44,42.89
YNT,Yantai China,Laishan Airport,Yantai,121.37,37.41
YNZ,Yancheng China,Yancheng Airport,Yancheng,120.13,33.39
YOW,Ottawa ON Canada,Ottawa/Macdonald-Cartier International Airport,Ottawa,-75.67,45.32
YQB,Quebec City QC Canada,Quebec Airport,Quebec,-71.38,46.79
YQG,Windsor ON Canada,Windsor Airport,Windsor,-82.96,42.27
YQR,Regina SK Canada,Regina Airport,Regina,-104.66,50.43
YQT,Thunder Bay ON Canada,Thunder Bay Airport,Thunder Bay,-89.31,48.37
YSB,Sudbury ON Canada,Sudbury Airport,Sudbury,-80.8,46.62
YSJ,Saint John NB Canada,Saint John Airport,Saint John,-65.89,45.33
YTZ,Toronto(City Centre) ON Canada,Toronto City Centre Airport,Toronto,-79.4,43.63
YUD,Umiujaq QC Canada,Umiujag Airport,Umiujag,-76.55,56.55
YUL,Montreal(P.E. Trudeau) QC Canada,Pierre Elliott Trudeau International Airport,Montreal,-73.75,45.46
YUS,Yushu Xian China,NULL,Yushu ,97.13,32.83
YVR,Vancouver(Intl) BC Canada,Vancouver International Airport,Vancouver,-123.18,49.19
YWG,Winnipeg (Richardson Intl) MB Canada,Winnipeg James Armstrong Richardson International ,Winnipeg,-97.23,49.9
YXE,Saskatoon (Diefenbaker Intl) SK Canada,Saskatoon Airport,Saskatoon,-106.69,52.17
YXU,London ON Canada,Metropolitan Area Airport,London,-81.15,43.03
YXX,Abbotsford BC Canada,Abbotsford Airport,Abbotsford,-122.36,49.03
YYC,Calgary AB Canada,Calgary International Airport,Calgary,-114.01,51.13
YYT,St. Johns NL Canada,St. Johns International Airport',St. Johns',-52.74,47.61
YYZ,Toronto(Pearson Intl) ON Canada,Pearson International Airport,Toronto,-79.61,43.68
ZAG,Zagreb Croatia,Pleso Airport,Zagreb,16.06,45.73
ZAH,Zahedan International Iran,Zahedan Airport,Zahedan,60.9,29.48
ZAL,Valdivia Chile,Pichoy Airport,Valdivia,-73.24,-39.79
ZAM,Zamboanga Philippines,Zamboanga Airport,Zamboanga,122.06,6.92
ZAT,Zhaotong China,Zhaotong Airport,Zhaotong,103.8,27.32
ZAZ,Zaragoza Spain,Zaragoza Airport,Zaragoza,-1.01,41.66
ZCL,Zacatecas Mexico,La Calera Airport,Zacatecas,-102.55,22.8
ZCO,Temuco Chile,Temuco Airport,Temuco,-72.64,-38.77
ZHA,Zhanjiang China,Zhanjiang Airport,Zhanjiang,110.36,21.21
ZHY,Zhongwei China,NULL,Zhongwei ,105.17,37.52
ZIG,Ziguinchor Senegal,Ziguinchor Airport,Ziguinchor,-16.28,12.56
ZLO,Manzanillo Mexico,Manzanillo Airport,Manzanillo,-104.35,19.11
ZNZ,Zanzibar Tanzania,Kisauni Airport,Zanzibar,39.22,-6.22
ZOS,Osorno Chile,Canal Balo Airport,Osorno,-73.06,-40.61
ZRH,Zurich Switzerland,Zurich Airport,Zurich,8.56,47.45
ZUH,Zhuhai China,Zhuhai Airport,Zhuhai,113.37,22.01
ZYL,Sylhet Bangladesh,Civil Airport,Sylhet,91.87,24.96
